resp,no2,so2,rsp,o3,temp,hum,day,month,year,date,weekday
114,74.69,21.3,142.82,47.56,15.53,69,1,1,1994,1/1/1994,sat
136,64.81,12.35,99,48.25,16.94,77.14,2,1,1994,1/2/1994,sun
142,90.17,44.53,74,8.92,19.5,79.43,3,1,1994,1/3/1994,mon
125,78.79,26.41,71.67,45.47,18.51,76,4,1,1994,1/4/1994,tue
138,74.97,20.99,85.33,46.31,18.83,76,5,1,1994,1/5/1994,wed
95,102.92,46.73,99,19.25,19.48,73,6,1,1994,1/6/1994,thur
121,63.9,15.42,99,35.6,18.75,79.83,7,1,1994,1/7/1994,fri
96,78.98,36.19,102.67,7.69,18.71,81.29,8,1,1994,1/8/1994,sat
89,97.26,48.93,128.21,19.44,18.41,82.57,9,1,1994,1/9/1994,sun
135,76.84,21.66,86.58,24.13,19.1,82,10,1,1994,1/10/1994,mon
110,61.12,14.79,79.33,36.13,18.16,81,11,1,1994,1/11/1994,tue
111,70.85,24.27,62.96,20.63,18.7,80.57,12,1,1994,1/12/1994,wed
104,62.47,26.88,72.5,8.31,16.61,74.29,13,1,1994,1/13/1994,thur
98,43.08,16.66,36.04,5.38,12.23,77.57,14,1,1994,1/14/1994,fri
100,53.41,14.49,52.18,26.46,15.01,79.71,15,1,1994,1/15/1994,sat
90,56.1,12.7,53.21,29.25,18.86,83.14,16,1,1994,1/16/1994,sun
131,65.25,21.64,48.79,17.71,20.66,83.43,17,1,1994,1/17/1994,mon
102,55.71,29.6,71.68,6.69,18.07,81.29,18,1,1994,1/18/1994,tue
114,39.89,13.15,40.5,10.8,13.23,74.71,19,1,1994,1/19/1994,wed
96,38.9,18.9,51.5,5.19,10.79,74.71,20,1,1994,1/20/1994,thur
96,60.1,21.32,57.29,31.06,9.34,46.29,21,1,1994,1/21/1994,fri
87,68.63,27.51,73.71,12,10.17,46,22,1,1994,1/22/1994,sat
98,72.19,24.29,73.95,44.25,12.09,51.57,23,1,1994,1/23/1994,sun
134,78.37,24.61,99,40.94,14.46,59.57,24,1,1994,1/24/1994,mon
145,97.96,40.8,99,27.69,14.7,64.86,25,1,1994,1/25/1994,tue
108,111.44,41.53,94.04,31.94,15.81,70.43,26,1,1994,1/26/1994,wed
126,91.4,33.54,93.86,25.56,16.19,63.71,27,1,1994,1/27/1994,thur
128,98.73,35.39,114.39,29.38,15.57,64.71,28,1,1994,1/28/1994,fri
140,66.88,20.7,95.25,46.88,16.33,60,29,1,1994,1/29/1994,sat
121,48.96,12.49,63.71,42.06,15.51,64.43,30,1,1994,1/30/1994,sun
138,61.55,16.11,47.58,27.38,18.41,74.29,31,1,1994,1/31/1994,mon
136,106.94,38.64,72.05,18.37,21.14,77,1,2,1994,2/1/1994,tue
133,65.37,20.04,87.59,19,16.87,69.71,2,2,1994,2/2/1994,wed
105,58.15,12.08,57.27,36.44,16.21,72.86,3,2,1994,2/3/1994,thur
117,63.49,12.12,42.33,20.51,18.1,78.86,4,2,1994,2/4/1994,fri
123,76.89,16.95,70.13,9.88,20.7,84.57,5,2,1994,2/5/1994,sat
117,71.35,30.28,61.25,12.81,21.07,86.71,6,2,1994,2/6/1994,sun
113,65.64,29.81,47.39,11.69,18.8,89.71,7,2,1994,2/7/1994,mon
122,70.81,25.01,80.13,6.93,19.73,84.14,8,2,1994,2/8/1994,tue
93,50.64,13.34,64.35,47.5,19.33,66.57,9,2,1994,2/9/1994,wed
95,40.52,4,77.92,57.69,16.39,79.14,10,2,1994,2/10/1994,thur
161,61.57,12.22,82.58,10.63,20.34,89.86,11,2,1994,2/11/1994,fri
142,37.72,6.98,34.04,21.5,18.26,83.57,12,2,1994,2/12/1994,sat
127,32.93,2.75,25.21,48.31,15.1,84,13,2,1994,2/13/1994,sun
145,49.71,8.24,39.29,24,18.49,85.86,14,2,1994,2/14/1994,mon
125,41.9,12.98,54.29,1.94,17.66,89.86,15,2,1994,2/15/1994,tue
122,38.62,6.66,24.04,16.26,16.13,91.57,16,2,1994,2/16/1994,wed
114,37.95,9.33,21.95,5.38,14.99,90.14,17,2,1994,2/17/1994,thur
109,45.16,7.37,16.91,19.54,15.56,91.29,18,2,1994,2/18/1994,fri
105,50.33,15,27.46,5,15.61,93,19,2,1994,2/19/1994,sat
92,41.78,12.03,33.83,41.19,16.39,68.43,20,2,1994,2/20/1994,sun
115,60.6,15.99,63.74,32.31,16.44,67.71,21,2,1994,2/21/1994,mon
119,60.23,13.39,93.79,40.71,17.84,78.86,22,2,1994,2/22/1994,tue
130,71.37,29.11,109.86,5.69,20.71,86.57,23,2,1994,2/23/1994,wed
126,59.29,27.99,84.38,12.13,20.4,89.86,24,2,1994,2/24/1994,thur
118,38.71,14.46,23.04,6.56,12.51,75.86,25,2,1994,2/25/1994,fri
139,40.07,12.65,34.08,9.38,12.13,78.14,26,2,1994,2/26/1994,sat
100,38.29,11.22,23.13,7.75,11.21,83.43,27,2,1994,2/27/1994,sun
127,42.01,13.49,32.61,9.44,11.36,80.86,28,2,1994,2/28/1994,mon
120,53.09,15.46,36.06,17.86,11.93,74.29,1,3,1994,3/1/1994,tue
131,52.96,17.53,45.72,11.63,12.2,71.43,2,3,1994,3/2/1994,wed
124,88.92,31.86,70.83,31.63,14.14,74.86,3,3,1994,3/3/1994,thur
113,74,18.75,45.56,43.45,15.71,69.29,4,3,1994,3/4/1994,fri
153,70.94,15.73,64.6,52.19,18.27,67.43,5,3,1994,3/5/1994,sat
132,65.4,11.17,57.67,51.38,19.66,75.86,6,3,1994,3/6/1994,sun
160,76.85,37.98,74.89,3.38,21.73,87.29,7,3,1994,3/7/1994,mon
149,58.27,42.83,53.1,2.19,22.67,92.29,8,3,1994,3/8/1994,tue
136,60.05,11.1,32.8,24.94,19.31,88.86,9,3,1994,3/9/1994,wed
127,45.28,13.14,21.38,17.75,16.23,81.71,10,3,1994,3/10/1994,thur
98,60.3,15.66,37.76,19.06,16.64,83.57,11,3,1994,3/11/1994,fri
157,81.31,34.79,68.56,5.56,19.97,89.29,12,3,1994,3/12/1994,sat
116,52.86,15.14,45.74,21,18.21,90.29,13,3,1994,3/13/1994,sun
164,41.47,11.92,99,10.44,12.6,75.57,14,3,1994,3/14/1994,mon
132,47.08,13.96,35.35,26.61,13.64,80.57,15,3,1994,3/15/1994,tue
173,74.23,28.79,80.29,23.19,17.23,84,16,3,1994,3/16/1994,wed
128,63.78,29.93,70,10.31,17.15,79.83,17,3,1994,3/17/1994,thur
143,62.59,23.75,45.58,9.69,16,77.86,18,3,1994,3/18/1994,fri
124,57.32,25.06,39.23,25.94,15.93,79.86,19,3,1994,3/19/1994,sat
133,42.57,8.67,18.82,67.19,16.6,69,20,3,1994,3/20/1994,sun
161,73.82,15.06,80.04,45.75,17.79,67.86,21,3,1994,3/21/1994,mon
136,66.21,16.6,55.02,9.38,17.07,83.14,22,3,1994,3/22/1994,tue
143,66.31,21,50.53,49.5,17.77,66.29,23,3,1994,3/23/1994,wed
152,76.73,18.59,105.85,54.13,18.16,54.29,24,3,1994,3/24/1994,thur
145,83.94,22.5,94.5,56.63,17.87,54,25,3,1994,3/25/1994,fri
160,65.99,17.07,74.94,62.94,19.49,59.71,26,3,1994,3/26/1994,sat
147,47.89,8.86,61.4,94.31,17.54,65.86,27,3,1994,3/27/1994,sun
169,70.36,15.56,39.13,56.56,19.64,67.71,28,3,1994,3/28/1994,mon
171,72.46,14.23,35.25,40.81,21.27,78.29,29,3,1994,3/29/1994,tue
178,73.23,15.75,53.02,52.38,20.37,78.14,30,3,1994,3/30/1994,wed
124,66.49,11.8,46.13,59.69,20,84.14,31,3,1994,3/31/1994,thur
119,76.09,19.2,41.91,45.63,21.41,83.57,1,4,1994,4/1/1994,fri
163,81.68,28.86,66.11,80.37,22.17,82.86,2,4,1994,4/2/1994,sat
158,59.3,15.01,39.82,50.5,22.56,79.43,3,4,1994,4/3/1994,sun
143,63.92,22.44,38.79,58.87,23.19,80.43,4,4,1994,4/4/1994,mon
132,52.04,27.79,32.26,42.13,23.66,80.29,5,4,1994,4/5/1994,tue
157,42.01,21.91,36.02,99,24.17,80.86,6,4,1994,4/6/1994,wed
136,45.45,29.52,36.44,54.4,24.24,80.71,7,4,1994,4/7/1994,thur
130,48.85,19.59,37.96,44.15,24.66,82,8,4,1994,4/8/1994,fri
131,47.03,7.76,28.56,44.38,22.87,83.86,9,4,1994,4/9/1994,sat
129,48.82,6.22,25.13,50.44,21.56,85.14,10,4,1994,4/10/1994,sun
119,62.17,16.02,40.85,20.38,23.34,86.14,11,4,1994,4/11/1994,mon
150,47.69,43.76,47.27,8.31,24.19,88.14,12,4,1994,4/12/1994,tue
115,48.95,17.98,25.18,7.94,17.97,86,13,4,1994,4/13/1994,wed
122,44.21,18.44,33.09,10.19,18.31,85.14,14,4,1994,4/14/1994,thur
124,83.8,37.4,69.92,13.5,20.99,79.43,15,4,1994,4/15/1994,fri
99,68.08,21.62,48.77,35.5,23.06,78.29,16,4,1994,4/16/1994,sat
128,52.37,11.86,32.56,35.75,23.74,82,17,4,1994,4/17/1994,sun
135,49.48,23.7,42.08,10.38,25.26,83.43,18,4,1994,4/18/1994,mon
116,35.64,40.53,27.22,10.94,25.9,82.14,19,4,1994,4/19/1994,tue
129,32.87,47.35,27.04,7.09,26.84,82.43,20,4,1994,4/20/1994,wed
112,33.41,20.39,33.49,5.44,25.73,86.14,21,4,1994,4/21/1994,thur
114,33.63,16.75,31.52,11.4,25.97,82,22,4,1994,4/22/1994,fri
100,30.52,21.22,30.2,13,26.56,81.43,23,4,1994,4/23/1994,sat
99,30.93,24.27,33.21,10.19,27.23,81.71,24,4,1994,4/24/1994,sun
115,30.17,25.62,30.15,13.31,28.19,77.14,25,4,1994,4/25/1994,mon
131,32.99,35.51,25.63,7.94,28.29,79.43,26,4,1994,4/26/1994,tue
114,34.51,39.05,25.02,8.69,27.97,80.71,27,4,1994,4/27/1994,wed
105,50.4,49.63,32.65,30.31,27.89,81.43,28,4,1994,4/28/1994,thur
121,55.64,53.23,34.54,14,25.66,85.2,29,4,1994,4/29/1994,fri
120,48.58,42.42,37.77,21.06,26.86,83,30,4,1994,4/30/1994,sat
91,35.64,22.02,23.02,27.69,27.2,80.43,1,5,1994,5/1/1994,sun
138,36.66,28.33,27.31,20.55,28,78.57,2,5,1994,5/2/1994,mon
124,78.85,54.66,47.25,12.44,25.46,90.14,3,5,1994,5/3/1994,tue
135,66.73,28.36,52.71,15.19,23.09,83.43,4,5,1994,5/4/1994,wed
112,67.85,23.59,70.45,48.89,23.33,52.14,5,5,1994,5/5/1994,thur
123,83.2,29.1,78.44,36.25,23.19,70.14,6,5,1994,5/6/1994,fri
114,97.11,41.25,78.08,31,23.63,70.14,7,5,1994,5/7/1994,sat
105,95.98,50.43,90.45,81.31,25.39,71.14,8,5,1994,5/8/1994,sun
149,56.25,15.57,40.86,39.44,25.57,83,9,5,1994,5/9/1994,mon
149,40.46,41.32,30.91,15.25,26.93,83.57,10,5,1994,5/10/1994,tue
153,62.81,39.09,39.02,20.15,27.5,84.86,11,5,1994,5/11/1994,wed
134,38.4,25.22,32.85,8.38,27.6,85.14,12,5,1994,5/12/1994,thur
106,23.24,38.57,19,7.31,28.31,80.29,13,5,1994,5/13/1994,fri
102,28.89,23.75,16.27,11,29.21,80.14,14,5,1994,5/14/1994,sat
120,58,30.68,39.57,6.5,27.53,85.71,15,5,1994,5/15/1994,sun
139,35.7,30.57,27.05,14.5,28.77,80,16,5,1994,5/16/1994,mon
117,45.84,29.19,27.18,13.38,27.93,80.43,17,5,1994,5/17/1994,tue
134,56.8,24.47,50.81,43.81,26.3,77.29,18,5,1994,5/18/1994,wed
105,47.33,14.33,47.75,69.25,25.97,69.29,19,5,1994,5/19/1994,thur
123,50.41,14.62,40.33,53.13,25.76,75.14,20,5,1994,5/20/1994,fri
130,58.42,26.1,54.1,30.44,27.13,79.71,21,5,1994,5/21/1994,sat
123,49.95,37.93,45.42,24.13,27.6,79.57,22,5,1994,5/22/1994,sun
112,35.78,31.77,38.09,11.94,27.96,78.14,23,5,1994,5/23/1994,mon
113,39.65,32.01,35.02,16,28.56,77.86,24,5,1994,5/24/1994,tue
127,41.24,38.43,33.67,10.75,28.91,78,25,5,1994,5/25/1994,wed
112,38.78,30.61,35.28,9.48,29.13,80.57,26,5,1994,5/26/1994,thur
108,57.13,47.78,41.78,22.81,28.76,79.86,27,5,1994,5/27/1994,fri
95,51.41,15.61,43.53,24.69,25.69,86.57,28,5,1994,5/28/1994,sat
115,50.17,14.72,38.98,21.44,27.19,85.14,29,5,1994,5/29/1994,sun
134,39.64,12.01,21.75,18.19,27.26,87.14,30,5,1994,5/30/1994,mon
110,57.8,14.27,32.75,25.81,25.49,87.29,31,5,1994,5/31/1994,tue
137,49.97,11.8,40.4,32.86,26.39,82,1,6,1994,6/1/1994,wed
111,45.72,10.82,43.32,69.25,26.7,67.57,2,6,1994,6/2/1994,thur
100,43.96,8.36,45.92,44.38,25.94,74.71,3,6,1994,6/3/1994,fri
103,46.26,8.72,38.8,25.31,25.64,83.57,4,6,1994,6/4/1994,sat
89,38.73,9.2,31.6,25.13,28.09,72.57,5,6,1994,6/5/1994,sun
139,31.11,10.68,29.21,21.69,28.03,72.29,6,6,1994,6/6/1994,mon
123,26.04,6.95,21.04,17.69,26.69,85.57,7,6,1994,6/7/1994,tue
133,34.22,9.93,24.02,10.81,26.16,88.57,8,6,1994,6/8/1994,wed
123,25.88,16.81,27.72,5.97,27.54,84.71,9,6,1994,6/9/1994,thur
106,35.49,21.5,26.56,3.19,26.64,90.86,10,6,1994,6/10/1994,fri
106,27.95,27.69,22.21,7.5,27.11,89,11,6,1994,6/11/1994,sat
98,26.54,26.81,20.05,12.28,27.96,84.29,12,6,1994,6/12/1994,sun
119,27.55,20.9,24.15,8.61,28.09,83.14,13,6,1994,6/13/1994,mon
126,27.96,19.2,29.24,7.57,28.29,84.43,14,6,1994,6/14/1994,tue
127,32.43,20.62,32.25,3.44,28.17,84.43,15,6,1994,6/15/1994,wed
124,31.59,13.79,36.58,4.82,28.39,84,16,6,1994,6/16/1994,thur
93,34.07,21.82,40.92,2.23,28.19,84.86,17,6,1994,6/17/1994,fri
109,49.12,17.56,27.17,4.88,25.06,94,18,6,1994,6/18/1994,sat
118,52.77,23.46,38.06,3.5,24.84,95,19,6,1994,6/19/1994,sun
134,40.5,16.96,30.35,2.75,26.1,93.43,20,6,1994,6/20/1994,mon
134,32.47,14.11,23.44,5.25,26.76,90.86,21,6,1994,6/21/1994,tue
127,28.42,14.25,24.68,7.92,27.69,86.71,22,6,1994,6/22/1994,wed
138,26.14,13.96,22.1,11.94,29.11,81.67,23,6,1994,6/23/1994,thur
122,21.93,11.96,24.36,12.94,28.09,83.67,24,6,1994,6/24/1994,fri
131,25.86,18.7,20.79,7.19,26.8,85.5,25,6,1994,6/25/1994,sat
122,28.21,17.52,24.87,20,28.37,82.33,26,6,1994,6/26/1994,sun
153,26.75,15.67,34.64,12.51,28.84,81.83,27,6,1994,6/27/1994,mon
145,19.43,15.32,24.28,11.69,29.3,80.4,28,6,1994,6/28/1994,tue
129,21.64,15.24,22.07,10,28.78,82.6,29,6,1994,6/29/1994,wed
136,33.48,50.22,27.01,15.13,29.11,77.71,30,6,1994,6/30/1994,thur
124,45.27,54.54,31.66,30.92,29.89,75.71,1,7,1994,7/1/1994,fri
138,77.28,63.35,68.16,14.56,30.47,78.86,2,7,1994,7/2/1994,sat
126,24.5,9.81,29.29,19.31,28.73,80,3,7,1994,7/3/1994,sun
147,32.86,13.36,99,16.13,26.33,87.29,4,7,1994,7/4/1994,mon
125,33.57,16.33,29.57,9.75,26.29,89.86,5,7,1994,7/5/1994,tue
137,26.73,12.34,25.7,15.63,28.19,83.43,6,7,1994,7/6/1994,wed
118,30.56,14.51,21.83,15.56,27.24,85.71,7,7,1994,7/7/1994,thur
124,23.62,12.28,18.05,4.75,27.09,88.43,8,7,1994,7/8/1994,fri
136,33.48,16.97,33.42,28.45,29.14,78.71,9,7,1994,7/9/1994,sat
149,68.57,54.25,80.97,129.94,30.61,73.43,10,7,1994,7/10/1994,sun
198,54,40.42,68.98,46.31,30.96,73.86,11,7,1994,7/11/1994,mon
164,28.34,16.48,26.59,9.31,27.83,85.75,12,7,1994,7/12/1994,tue
179,31.57,15.65,22.68,12.56,27.32,88.4,13,7,1994,7/13/1994,wed
156,36.65,17.36,24.8,13,26.47,90.17,14,7,1994,7/14/1994,thur
160,28.75,16.55,27.85,4.98,25.9,92.67,15,7,1994,7/15/1994,fri
135,23.85,17.78,28.57,6.63,27.78,86.33,16,7,1994,7/16/1994,sat
182,22.55,16.22,25,3.88,27.6,86.67,17,7,1994,7/17/1994,sun
167,21.16,12.63,21.16,9.25,28.4,83,18,7,1994,7/18/1994,mon
158,24.77,12.23,22.14,16.94,28.76,80.86,19,7,1994,7/19/1994,tue
159,32.94,15.77,26.8,15.84,27.51,85.14,20,7,1994,7/20/1994,wed
134,43.71,26.96,29.32,5.51,26.57,91.57,21,7,1994,7/21/1994,thur
146,46.96,19.75,38.2,1.38,25.48,96.2,22,7,1994,7/22/1994,fri
119,47.2,18.56,32.4,5.28,25,94.2,23,7,1994,7/23/1994,sat
175,40.86,11.31,26.33,2.3,24.58,95.83,24,7,1994,7/24/1994,sun
165,51.38,25,36.46,1.95,25.36,95.6,25,7,1994,7/25/1994,mon
126,39.52,13.86,27.32,18.02,26.18,92.2,26,7,1994,7/26/1994,tue
159,32.21,10.85,22.49,11.82,26.78,89.4,27,7,1994,7/27/1994,wed
139,25.51,7.74,19.71,15.95,27.53,86.33,28,7,1994,7/28/1994,thur
144,18.94,6.69,19.12,17.67,27.89,85.57,29,7,1994,7/29/1994,fri
128,21.68,12.32,23.19,18.36,28.42,83.17,30,7,1994,7/30/1994,sat
127,21.17,8.8,19.86,27.66,28.73,84.17,31,7,1994,7/31/1994,sun
160,32,17.26,28.6,10.31,28.98,82.5,1,8,1994,8/1/1994,mon
175,28.72,12.94,22.22,28.58,29.13,81.67,2,8,1994,8/2/1994,tue
145,71.59,58.1,61.49,41.38,29.08,81,3,8,1994,8/3/1994,wed
122,57.69,36.41,39.63,14.06,27.4,86.83,4,8,1994,8/4/1994,thur
106,31.9,25.93,22.75,10.5,26.95,88.33,5,8,1994,8/5/1994,fri
143,28.19,18.59,32.63,4.38,26.88,89.83,6,8,1994,8/6/1994,sat
119,41.71,21.04,36.68,3.25,25.82,92.33,7,8,1994,8/7/1994,sun
122,39.75,33.15,37.56,3.44,26.2,91.33,8,8,1994,8/8/1994,mon
128,35.92,33.03,30.54,3.38,26.17,91.67,9,8,1994,8/9/1994,tue
122,33.08,23.02,35.59,6.81,27.48,89.33,10,8,1994,8/10/1994,wed
132,35.19,22.06,34.18,20.59,28.8,83.67,11,8,1994,8/11/1994,thur
118,37.79,28.06,34.08,14.5,28.97,83.83,12,8,1994,8/12/1994,fri
121,38.39,30.92,36.09,7.5,28.17,86.67,13,8,1994,8/13/1994,sat
98,53.01,40.7,30.58,29.69,26.85,85.67,14,8,1994,8/14/1994,sun
109,48.8,32.01,23.39,6.38,25.62,91.67,15,8,1994,8/15/1994,mon
106,49.41,36.48,39.57,4.77,25.12,94.67,16,8,1994,8/16/1994,tue
117,43.99,40.87,51.31,5.44,25.16,94.2,17,8,1994,8/17/1994,wed
124,57.38,51.54,61.71,15.17,26.76,86,18,8,1994,8/18/1994,thur
137,66.09,51.62,56.5,18.19,27.98,82.4,19,8,1994,8/19/1994,fri
93,101.27,68.49,86.99,36.37,27.69,84.86,20,8,1994,8/20/1994,sat
110,83.71,55.88,72.3,35.31,27.59,81.57,21,8,1994,8/21/1994,sun
174,105.11,66.55,97.92,84.75,28.21,77.14,22,8,1994,8/22/1994,mon
134,65.54,36.33,64.1,29.72,28.43,80.43,23,8,1994,8/23/1994,tue
116,33.66,27.24,29.58,17.31,28.61,82.57,24,8,1994,8/24/1994,wed
102,64.89,39.51,47.56,19.31,28.99,80.29,25,8,1994,8/25/1994,thur
106,42.48,25.46,36.14,8.75,27.16,85.57,26,8,1994,8/26/1994,fri
111,22.2,8.65,18.79,13.56,26.6,86.57,27,8,1994,8/27/1994,sat
107,26.35,9.7,19.53,11.31,26.39,87.71,28,8,1994,8/28/1994,sun
105,31.11,11.93,22.94,16.38,27.81,83.71,29,8,1994,8/29/1994,mon
107,38.14,16.75,28.68,25.75,28.23,79.14,30,8,1994,8/30/1994,tue
133,44.59,18.05,35.53,30.81,27.93,78.71,31,8,1994,8/31/1994,wed
111,79.21,52.92,80.72,70.56,28.51,79.43,1,9,1994,9/1/1994,thur
117,70.63,60.61,76,28.19,28.5,82.29,2,9,1994,9/2/1994,fri
126,21.49,14.04,21.8,7.75,28.29,82.57,3,9,1994,9/3/1994,sat
114,19.15,9.42,17.13,13.19,28.43,81,4,9,1994,9/4/1994,sun
126,27.54,15.63,20.23,15.67,27.11,88,5,9,1994,9/5/1994,mon
118,30.15,16.77,26.86,16.9,27.73,86,6,9,1994,9/6/1994,tue
119,31.2,17.62,39.25,14.25,28.14,85.71,7,9,1994,9/7/1994,wed
120,35.73,20.63,34.83,10.56,27.91,86.86,8,9,1994,9/8/1994,thur
128,53.89,41.07,43.14,16.69,28.19,85,9,9,1994,9/9/1994,fri
123,75.51,63.18,61.74,9.81,28.31,87.43,10,9,1994,9/10/1994,sat
108,71.96,40.34,74.8,50.81,28.64,82.43,11,9,1994,9/11/1994,sun
146,35.85,11.13,23.63,21.13,25.8,87.29,12,9,1994,9/12/1994,mon
122,40.33,13.41,30.28,37.06,26.01,81.14,13,9,1994,9/13/1994,tue
121,44.91,15.46,32.63,35.75,26.07,81.43,14,9,1994,9/14/1994,wed
106,45.28,14.88,34.58,47.5,26.51,76.71,15,9,1994,9/15/1994,thur
111,53.67,17.49,40.98,48.13,26.54,75.29,16,9,1994,9/16/1994,fri
119,75.28,31.47,60.87,30.56,26.14,81.29,17,9,1994,9/17/1994,sat
121,55.26,19.99,42.99,18.63,23.94,84.57,18,9,1994,9/18/1994,sun
146,65.6,25.23,45.67,27.22,25.64,83.29,19,9,1994,9/19/1994,mon
121,46.36,16.13,31.88,24.54,26.93,86.29,20,9,1994,9/20/1994,tue
137,43.49,13.51,33.13,22.75,27.26,86.86,21,9,1994,9/21/1994,wed
137,40.28,31.87,36.06,8.06,27.89,84.71,22,9,1994,9/22/1994,thur
115,53.7,17.92,30.75,19.15,26,90.17,23,9,1994,9/23/1994,fri
124,60.91,20.01,55.5,44.92,25.23,77.71,24,9,1994,9/24/1994,sat
130,54.16,15.97,70.18,84.52,25.7,76.14,25,9,1994,9/25/1994,sun
150,73.65,25.13,81.21,55.67,25.83,80.43,26,9,1994,9/26/1994,mon
138,79.71,24.86,76.58,28.22,25.81,86,27,9,1994,9/27/1994,tue
117,82.05,26.29,80.94,29.48,24.76,83.43,28,9,1994,9/28/1994,wed
130,75.65,28.63,96.88,49.71,25.63,75.43,29,9,1994,9/29/1994,thur
147,81.95,27.56,101.47,83.06,25.83,74.57,30,9,1994,9/30/1994,fri
154,76.46,23.04,91.89,68.75,25.27,76.14,1,10,1994,10/1/1994,sat
155,62.68,16.5,85.77,88.81,25.29,76.86,2,10,1994,10/2/1994,sun
186,70.12,19.92,77.99,77.69,25.51,77.43,3,10,1994,10/3/1994,mon
144,68.72,22.15,64.83,52.56,25.57,77.57,4,10,1994,10/4/1994,tue
171,71.65,22.97,62.79,29.55,25.37,79.86,5,10,1994,10/5/1994,wed
144,59.9,19.42,52.94,26.56,25.09,83.29,6,10,1994,10/6/1994,thur
135,53.77,19.19,40.4,43.54,26.2,77.43,7,10,1994,10/7/1994,fri
141,69.5,28.07,52.54,19.93,25.97,82.57,8,10,1994,10/8/1994,sat
138,58.56,26.84,66.5,64.45,27.14,71.71,9,10,1994,10/9/1994,sun
180,50.43,19.76,56.48,51.67,27.53,63.86,10,10,1994,10/10/1994,mon
156,56.87,18.81,54.41,48.53,26.86,64,11,10,1994,10/11/1994,tue
148,64.92,25.66,43.29,14.84,25.54,69,12,10,1994,10/12/1994,wed
131,46.09,13.23,32.15,26.43,26.36,77.86,13,10,1994,10/13/1994,thur
140,51.03,15.88,44.27,99,26.41,76.14,14,10,1994,10/14/1994,fri
112,47.19,14.69,45.21,99,26.61,78.57,15,10,1994,10/15/1994,sat
141,39.52,11.89,35.74,99,27.21,79.71,16,10,1994,10/16/1994,sun
112,52.41,18.29,39.79,99,27.26,77.86,17,10,1994,10/17/1994,mon
151,38.43,12.79,34.8,38.38,27.21,73.14,18,10,1994,10/18/1994,tue
111,46.03,13.25,49.46,99,25.73,73.71,19,10,1994,10/19/1994,wed
113,39.6,10.88,53.82,49.5,21.59,49.71,20,10,1994,10/20/1994,thur
124,47.72,12.41,57.74,59.47,19.33,35.43,21,10,1994,10/21/1994,fri
168,60.46,15.66,52.71,59.13,18.77,41,22,10,1994,10/22/1994,sat
142,57.46,13.57,53.63,69.94,20.03,43.43,23,10,1994,10/23/1994,sun
169,66.69,16.57,63.61,62.38,20.61,44.57,24,10,1994,10/24/1994,mon
161,82.6,22.6,69.64,65.88,20.77,55.29,25,10,1994,10/25/1994,tue
158,83.32,22.43,75.85,65.88,21.91,62.71,26,10,1994,10/26/1994,wed
169,95.55,26.65,74.18,50.81,22.11,67.14,27,10,1994,10/27/1994,thur
147,111.05,46.65,105.43,79.06,22.86,68.43,28,10,1994,10/28/1994,fri
153,82.78,23.7,75.39,49.19,22.73,70.29,29,10,1994,10/29/1994,sat
130,67.47,17.44,96.64,78.81,21.14,61.43,30,10,1994,10/30/1994,sun
171,79.82,22.08,88.14,67.44,20.31,59.14,31,10,1994,10/31/1994,mon
159,71.61,18.95,68.24,78,20.77,66,1,11,1994,11/1/1994,tue
150,79.5,22.57,60.5,64.4,21.1,69.71,2,11,1994,11/2/1994,wed
129,66.83,17.14,51.6,54.56,21.93,68.71,3,11,1994,11/3/1994,thur
145,74.93,21.4,88.93,79.72,22.41,61.29,4,11,1994,11/4/1994,fri
157,78.33,21.75,97.42,49.94,22.1,74.57,5,11,1994,11/5/1994,sat
164,83.64,21.71,93.89,80.82,21.96,74,6,11,1994,11/6/1994,sun
171,75.81,21.23,105.93,75.95,22.59,63.71,7,11,1994,11/7/1994,mon
159,57.47,15.17,101.5,65.5,21.96,64.71,8,11,1994,11/8/1994,tue
140,76.12,19.8,76.57,60.75,22.19,70.43,9,11,1994,11/9/1994,wed
145,86.86,19.16,79.15,41.25,21.94,75.57,10,11,1994,11/10/1994,thur
135,63.2,10.12,50.22,57.63,22.07,71.71,11,11,1994,11/11/1994,fri
159,60.05,9.79,45.53,62.06,22.61,73.43,12,11,1994,11/12/1994,sat
154,55.87,6.06,36.59,52.19,23,73.29,13,11,1994,11/13/1994,sun
172,38.49,8.61,34.5,36.5,24.17,74.86,14,11,1994,11/14/1994,mon
137,43.67,10.07,39.51,38.44,24.29,71.14,15,11,1994,11/15/1994,tue
149,52.77,12.46,48.37,54.56,23.76,74.14,16,11,1994,11/16/1994,wed
141,78.49,24.36,72.18,34,23.21,72.57,17,11,1994,11/17/1994,thur
124,77.38,19.81,77.21,45.66,22.86,75.14,18,11,1994,11/18/1994,fri
137,58.1,12.58,59.22,54.06,22.59,76,19,11,1994,11/19/1994,sat
105,46.61,7.83,51.6,52.75,22.46,77.29,20,11,1994,11/20/1994,sun
139,73.22,21.06,75.39,35.25,22.89,76.14,21,11,1994,11/21/1994,mon
135,62.67,15.24,73.74,46.58,21.24,70.14,22,11,1994,11/22/1994,tue
137,64.22,16.86,68.74,32.63,20.86,71.86,23,11,1994,11/23/1994,wed
116,70.1,18.28,64.79,48.46,21.46,72.43,24,11,1994,11/24/1994,thur
129,51.4,11.6,44.57,58.92,21.8,75,25,11,1994,11/25/1994,fri
128,76.01,16.74,72.52,18.03,21.96,81.14,26,11,1994,11/26/1994,sat
152,59.3,12.69,55.99,64.13,21.39,80.57,27,11,1994,11/27/1994,sun
168,67.75,24.97,60.34,17.44,22.39,80.57,28,11,1994,11/28/1994,mon
150,88.89,38.79,93.97,18.03,23.3,78.86,29,11,1994,11/29/1994,tue
134,50.1,14.18,47.05,33.31,22.67,76.43,30,11,1994,11/30/1994,wed
125,59.95,16.43,43.12,43,23.59,73,1,12,1994,12/1/1994,thur
137,50.34,14.18,47.13,35.81,23.24,80.14,2,12,1994,12/2/1994,fri
128,45.83,12.72,31.33,26.06,19.77,86,3,12,1994,12/3/1994,sat
119,40.84,12.49,24.43,29.19,18.59,71.86,4,12,1994,12/4/1994,sun
153,56.23,17.45,41.08,30.81,18.24,70.86,5,12,1994,12/5/1994,mon
134,68.89,25.12,55.79,14.94,19.56,71.71,6,12,1994,12/6/1994,tue
116,61.5,20.84,54.58,27.2,20.67,78,7,12,1994,12/7/1994,wed
120,57.67,12.42,41.96,2.06,21.17,91.71,8,12,1994,12/8/1994,thur
100,47.64,13.54,47.17,15.75,23.13,89.57,9,12,1994,12/9/1994,fri
131,51.76,15.41,49.22,15.06,23.27,88.86,10,12,1994,12/10/1994,sat
116,43.88,11.67,33.57,16.25,23.37,89.43,11,12,1994,12/11/1994,sun
148,47.7,28.28,33.76,0,23.51,91.86,12,12,1994,12/12/1994,mon
114,38.56,15.5,23.71,4.35,16.5,79.57,13,12,1994,12/13/1994,tue
122,46.58,19.03,36.25,17.67,17.8,78.57,14,12,1994,12/14/1994,wed
121,45.71,18.54,41.7,6.06,17.69,78.71,15,12,1994,12/15/1994,thur
127,42.06,15.42,29.19,29.38,18,78.43,16,12,1994,12/16/1994,fri
121,43.58,16.75,40.64,21.69,18.5,74.29,17,12,1994,12/17/1994,sat
129,39.88,13.9,35.02,14.13,16.7,69.57,18,12,1994,12/18/1994,sun
159,39.45,11.86,52.29,33.5,17.09,72,19,12,1994,12/19/1994,mon
189,47.21,18.86,47.41,13.88,16.87,67.14,20,12,1994,12/20/1994,tue
160,46.64,16.03,35.61,13.45,14.1,66.33,21,12,1994,12/21/1994,wed
138,71.09,28.22,70.52,20.56,14.93,74.33,22,12,1994,12/22/1994,thur
149,95.14,38.29,86.96,27.5,17.43,77.5,23,12,1994,12/23/1994,fri
164,65.14,18.46,38.13,13.19,18.37,88,24,12,1994,12/24/1994,sat
159,45.5,12.09,14.96,13.44,17.87,92.5,25,12,1994,12/25/1994,sun
187,45.11,13.22,20.17,7.5,18.3,89.83,26,12,1994,12/26/1994,mon
131,42.61,15.56,29.11,9.44,18.25,77.83,27,12,1994,12/27/1994,tue
168,43.24,14.23,39.06,24.35,17.82,74,28,12,1994,12/28/1994,wed
145,48.05,16.08,41.33,24.92,17.5,78.2,29,12,1994,12/29/1994,thur
149,50.05,23.29,45.91,25.5,18.63,80.33,30,12,1994,12/30/1994,fri
131,48.66,20.04,65.2,24.44,18.75,77.5,31,12,1994,12/31/1994,sat
123,34.41,9.74,47.05,29.98,17.8,75,1,1,1995,1/1/1995,sun
143,45.86,13.89,43.72,32.48,17.3,74,2,1,1995,1/2/1995,mon
165,51.26,18.89,48.26,4.54,16.5,86,3,1,1995,1/3/1995,tue
157,46.61,15.51,33.12,28.98,13.4,60,4,1,1995,1/4/1995,wed
116,57.57,17.77,43.58,31.81,12.8,41,5,1,1995,1/5/1995,thur
145,69.45,22.11,45.5,23.98,13.2,50,6,1,1995,1/6/1995,fri
157,92.5,30.48,62.12,17.67,15.2,66,7,1,1995,1/7/1995,sat
180,96.23,31.6,71.84,28.54,17.8,74,8,1,1995,1/8/1995,sun
190,123.15,63.62,115.62,22.42,18.7,76,9,1,1995,1/9/1995,mon
182,64.19,14.86,71.56,58.52,18.1,82,10,1,1995,1/10/1995,tue
177,58,21.32,76.58,26.48,18.4,83,11,1,1995,1/11/1995,wed
162,57.67,22.75,93.04,14.65,16.6,70,12,1,1995,1/12/1995,thur
140,64.16,26.58,60.89,18.93,15.8,66,13,1,1995,1/13/1995,fri
165,53.64,17.46,66.18,24.29,15.5,70,14,1,1995,1/14/1995,sat
149,60.54,17.09,80.72,49.6,15.8,72,15,1,1995,1/15/1995,sun
191,79.45,29.61,92.84,24.1,16.5,68,16,1,1995,1/16/1995,mon
154,60.33,16.98,63.91,30.43,16.2,76,17,1,1995,1/17/1995,tue
158,69.07,17.58,66.18,37.23,17.9,76,18,1,1995,1/18/1995,wed
194,79.76,21.51,66.19,41.73,19.6,76,19,1,1995,1/19/1995,thur
175,65.49,14.64,66.41,51.56,18.6,85,20,1,1995,1/20/1995,fri
186,56.13,11.76,47.34,30.79,18.6,87,21,1,1995,1/21/1995,sat
158,69.95,26.95,53.13,15.1,20.6,88,22,1,1995,1/22/1995,sun
197,59.5,27.34,65.6,9.48,18.8,80,23,1,1995,1/23/1995,mon
160,48.49,14.25,51.47,7.92,14.9,74,24,1,1995,1/24/1995,tue
185,51.04,16.21,54.25,28.73,16.4,76,25,1,1995,1/25/1995,wed
146,51.88,19.26,56.45,9.92,16.7,81,26,1,1995,1/26/1995,thur
129,40.56,10.86,23.15,2.67,13.3,88,27,1,1995,1/27/1995,fri
163,42.1,11.34,23.07,6.6,12,86,28,1,1995,1/28/1995,sat
134,46.27,10.81,37.07,19.54,12.6,81,29,1,1995,1/29/1995,sun
144,41.96,10.62,36.76,9.54,12,82,30,1,1995,1/30/1995,mon
137,47.25,12.44,56.03,36.42,12.1,75,31,1,1995,1/31/1995,tue
189,52.04,17.58,62.58,48.17,13.2,59,1,2,1995,2/1/1995,wed
188,57.13,18.34,64.62,64.73,13.4,57,2,2,1995,2/2/1995,thur
214,54.19,17.73,71.05,59.6,13.8,59,3,2,1995,2/3/1995,fri
191,49.46,13.69,59.93,55.85,13.4,46,4,2,1995,2/4/1995,sat
167,52.82,15.93,56.37,64.85,13.2,36,5,2,1995,2/5/1995,sun
189,71.78,20.45,53.88,47.42,13,52,6,2,1995,2/6/1995,mon
179,72.27,17.67,44.78,50.98,14.2,64,7,2,1995,2/7/1995,tue
224,81.69,29.85,54.87,18.67,16.5,71,8,2,1995,2/8/1995,wed
199,95.53,40.98,85.84,14.04,17.5,75,9,2,1995,2/9/1995,thur
178,57.35,15.53,57.11,74.02,16.5,67,10,2,1995,2/10/1995,fri
174,69.31,18.97,62.43,59.23,16.6,67,11,2,1995,2/11/1995,sat
212,103.92,43.46,85.26,22.79,18.3,74,12,2,1995,2/12/1995,sun
213,89.03,44.67,63.99,7.21,18.6,86,13,2,1995,2/13/1995,mon
157,52.93,11.65,38.05,16.31,16.3,93,14,2,1995,2/14/1995,tue
183,53.05,12.91,27.1,14.68,15,88,15,2,1995,2/15/1995,wed
179,53.33,14.25,50.13,41.4,15.3,75,16,2,1995,2/16/1995,thur
158,53.25,13.11,61.7,38.56,15,80,17,2,1995,2/17/1995,fri
200,70.02,32.16,87.21,3.29,16.4,95,18,2,1995,2/18/1995,sat
165,49.96,9.63,31.85,21.23,16.7,94,19,2,1995,2/19/1995,sun
182,48.55,10.29,26.74,14.98,15.4,89,20,2,1995,2/20/1995,mon
159,52.58,10.26,27.57,22.42,14.3,91,21,2,1995,2/21/1995,tue
193,41.08,11.95,18.88,6.6,14.1,92,22,2,1995,2/22/1995,wed
185,45.58,14.31,30.86,7.17,14.3,91,23,2,1995,2/23/1995,thur
185,46.18,16.39,34.62,3.67,15,87,24,2,1995,2/24/1995,fri
199,45.36,16.05,42.41,0.17,14,86,25,2,1995,2/25/1995,sat
186,45.69,11.5,35.58,1.98,13.1,83,26,2,1995,2/26/1995,sun
225,55.83,26.71,57.97,0.67,13.8,90,27,2,1995,2/27/1995,mon
227,59.72,24.45,82.08,26.23,16.1,72,28,2,1995,2/28/1995,tue
205,53.2,11.7,71.06,34.48,14.3,80,1,3,1995,3/1/1995,wed
244,65.01,13.31,34.22,19.31,14.9,93,2,3,1995,3/2/1995,thur
213,62.35,16.13,55.08,23.23,18.7,68,3,3,1995,3/3/1995,fri
217,62.58,20.56,95.18,34.85,16.9,41,4,3,1995,3/4/1995,sat
237,61.23,13.49,87,53.42,15.3,67,5,3,1995,3/5/1995,sun
261,74.48,19.13,73.67,17.35,15.4,61,6,3,1995,3/6/1995,mon
253,80.87,18.76,77.58,39.43,18,60,7,3,1995,3/7/1995,tue
287,67.09,13.83,64.81,56.35,18.7,70,8,3,1995,3/8/1995,wed
270,74.73,30.79,68.85,5.6,19.5,86,9,3,1995,3/9/1995,thur
247,62.29,23.07,49.45,3.6,19.7,80,10,3,1995,3/10/1995,fri
212,63.64,17.44,67.35,6.73,16.9,87,11,3,1995,3/11/1995,sat
241,44.4,8.11,30.31,9.6,16.3,87,12,3,1995,3/12/1995,sun
240,48.56,8.53,156.55,24.85,15.3,81,13,3,1995,3/13/1995,mon
229,51,9.05,47.33,7.79,16,89,14,3,1995,3/14/1995,tue
253,62.71,14.49,42.33,13.31,18,90,15,3,1995,3/15/1995,wed
206,62.81,17.07,51.57,13.52,20.6,94,16,3,1995,3/16/1995,thur
220,45.19,20.67,34.32,2.1,20.1,88,17,3,1995,3/17/1995,fri
207,34.79,10.39,19.78,3.54,14.3,80,18,3,1995,3/18/1995,sat
185,41.31,9.5,42.75,12.98,16,77,19,3,1995,3/19/1995,sun
212,61.32,12.72,54.72,25.29,16.7,71,20,3,1995,3/20/1995,mon
190,101.33,43.17,76.99,9.17,19.7,80,21,3,1995,3/21/1995,tue
212,102.31,60.3,79.72,5.67,20.3,86,22,3,1995,3/22/1995,wed
205,81.01,44.71,64.12,5.43,21,87,23,3,1995,3/23/1995,thur
203,69.9,45.84,69.21,0.29,22.2,89,24,3,1995,3/24/1995,fri
172,49.23,26,47.81,9.04,18.5,76,25,3,1995,3/25/1995,sat
159,46.79,8.11,82.77,51.42,16.5,53,26,3,1995,3/26/1995,sun
226,60.4,12.08,47.65,32.92,16.4,69,27,3,1995,3/27/1995,mon
182,58.73,12.01,59.8,49.25,18.3,65,28,3,1995,3/28/1995,tue
236,87.7,47.74,102.18,2.4,19.9,87,29,3,1995,3/29/1995,wed
197,63.49,32.35,60.67,1.67,22.4,94,30,3,1995,3/30/1995,thur
165,56.02,11.07,23.04,27.6,18.9,93,31,3,1995,3/31/1995,fri
202,52.4,6.31,22.67,31.1,16.8,90,1,4,1995,4/1/1995,sat
197,49.81,5.98,23.74,24.67,16.4,93,2,4,1995,4/2/1995,sun
226,47.33,6.39,25.86,38.67,15.7,85,3,4,1995,4/3/1995,mon
185,52.94,8.61,46.32,30.9,15.9,79,4,4,1995,4/4/1995,tue
179,53.38,8.3,42.86,34.04,17.6,88,5,4,1995,4/5/1995,wed
223,86.42,45.98,109.98,0.79,19.5,92,6,4,1995,4/6/1995,thur
200,58.08,17.49,46.01,4.23,18.5,93,7,4,1995,4/7/1995,fri
193,66.16,11.84,52.54,21.73,19.9,84,8,4,1995,4/8/1995,sat
241,66.04,26.6,57.96,13.54,22.9,89,9,4,1995,4/9/1995,sun
244,74.31,32.62,83.68,17.48,21.1,90,10,4,1995,4/10/1995,mon
241,79.66,40.89,79.38,5.23,21.6,85,11,4,1995,4/11/1995,tue
229,63.54,21.49,66.59,51.85,20.7,86,12,4,1995,4/12/1995,wed
226,56.46,11.81,65.71,28.17,22.2,87,13,4,1995,4/13/1995,thur
169,45.69,45.06,44.94,1.92,25.8,86,14,4,1995,4/14/1995,fri
260,37.66,49.8,39.87,4.23,26.6,82,15,4,1995,4/15/1995,sat
203,32.28,36.68,29.55,11.67,26.4,84,16,4,1995,4/16/1995,sun
220,32.4,15,30.21,12.85,26.3,83,17,4,1995,4/17/1995,mon
249,43.16,28.89,33.66,7.31,25.3,83,18,4,1995,4/18/1995,tue
210,51.34,28.86,45.08,0,24.1,87,19,4,1995,4/19/1995,wed
185,47.9,7.05,54.25,60.67,20.2,83,20,4,1995,4/20/1995,thur
222,48.67,9,47.14,16.85,22.5,89,21,4,1995,4/21/1995,fri
217,42.54,32.93,34.13,15.67,25.5,85,22,4,1995,4/22/1995,sat
196,44.37,30.18,34.1,21.48,26.9,78,23,4,1995,4/23/1995,sun
188,41.34,6.71,41.76,33.67,24.7,85,24,4,1995,4/24/1995,mon
178,52.91,30.87,53.87,15.42,25.2,82,25,4,1995,4/25/1995,tue
196,46.71,10.29,42.29,29.96,24.9,83,26,4,1995,4/26/1995,wed
205,45.4,7.09,51.62,37.48,24.3,78,27,4,1995,4/27/1995,thur
197,46.74,7.94,42.3,22.67,25.5,80,28,4,1995,4/28/1995,fri
158,52.57,23.81,40.85,8.17,25.8,84,29,4,1995,4/29/1995,sat
165,40.96,25.45,33.94,17.23,26.5,81,30,4,1995,4/30/1995,sun
218,41.94,32.58,33.97,10.48,27.3,80,1,5,1995,5/1/1995,mon
177,40.54,39.22,30.81,11.73,27.6,79,2,5,1995,5/2/1995,tue
204,41.84,9.71,33.78,13.54,26.7,84,3,5,1995,5/3/1995,wed
170,50.19,5.76,28.59,26.23,24.3,88,4,5,1995,5/4/1995,thur
191,50.06,8.03,27.81,34.6,22.1,78,5,5,1995,5/5/1995,fri
196,82.13,16.18,88.3,53.48,23.9,70,6,5,1995,5/6/1995,sat
198,100.84,35.47,103.19,34.73,24,78,7,5,1995,5/7/1995,sun
185,68.1,9.04,70.51,49.15,23.9,82,8,5,1995,5/8/1995,mon
205,63.94,8.45,48.33,23.85,24.1,84,9,5,1995,5/9/1995,tue
213,72.44,16.16,52.82,41.1,25.6,78,10,5,1995,5/10/1995,wed
208,52.14,6.11,53.97,51.42,24,83,11,5,1995,5/11/1995,thur
196,51.31,6.18,45.83,35.4,23.9,86,12,5,1995,5/12/1995,fri
183,49.71,7.19,18.98,32.29,24.4,87,13,5,1995,5/13/1995,sat
183,74.27,38.95,49.57,56.85,26.3,79,14,5,1995,5/14/1995,sun
218,53.9,12.03,83.03,42.27,25.3,80,15,5,1995,5/15/1995,mon
185,49.76,6.83,64.59,23.73,22.3,87,16,5,1995,5/16/1995,tue
184,68.4,15.11,41.57,8.73,23.2,90,17,5,1995,5/17/1995,wed
177,72.05,16.35,47.47,9.73,24.8,92,18,5,1995,5/18/1995,thur
170,40.51,27.13,39.71,9.6,28.1,84,19,5,1995,5/19/1995,fri
192,37.39,23.4,36.29,18.35,29,78,20,5,1995,5/20/1995,sat
175,37,16.7,35.48,26.48,28.9,80,21,5,1995,5/21/1995,sun
204,47.12,7.41,33.93,12.68,24.9,81,22,5,1995,5/22/1995,mon
210,48.69,4.64,37.54,38.73,23.6,86,23,5,1995,5/23/1995,tue
213,52.85,6.81,43.18,47.54,24.7,83,24,5,1995,5/24/1995,wed
227,48.58,26.14,54.9,9.92,26.9,86,25,5,1995,5/25/1995,thur
204,39.42,52.55,38.68,12.04,28.9,80,26,5,1995,5/26/1995,fri
150,34.17,41.75,28.35,14.85,29.7,77,27,5,1995,5/27/1995,sat
158,28.21,8.7,26.93,19.42,28.9,82,28,5,1995,5/28/1995,sun
228,39.33,41.47,33.28,10.42,29.5,76,29,5,1995,5/29/1995,mon
194,26.96,9.6,24.63,16.79,29.7,76,30,5,1995,5/30/1995,tue
202,24.35,4.71,22.44,13.7,29,80,31,5,1995,5/31/1995,wed
196,25.91,5.6,25.91,12.54,28.6,83,1,6,1995,6/1/1995,thur
154,21.55,4.21,22.37,20.6,28.9,82,2,6,1995,6/2/1995,fri
166,27.52,17.15,27.15,7.17,29.2,79,3,6,1995,6/3/1995,sat
152,30.85,32.88,25.28,12.48,29.5,73,4,6,1995,6/4/1995,sun
195,38.63,12.38,30.65,2.73,28.1,84,5,6,1995,6/5/1995,mon
162,41.85,5.24,50.33,53.92,27.5,79,6,6,1995,6/6/1995,tue
173,43.88,5.7,47.39,44.92,27,87,7,6,1995,6/7/1995,wed
218,46.73,17.93,36.36,7.67,26.6,91,8,6,1995,6/8/1995,thur
150,52.83,17.28,37.85,19.65,27,86,9,6,1995,6/9/1995,fri
164,57.8,15.66,39.58,14.73,27.1,88,10,6,1995,6/10/1995,sat
133,41.5,4.94,23.17,28.35,25.5,92,11,6,1995,6/11/1995,sun
197,61.02,13.82,44.55,49.67,27.5,76,12,6,1995,6/12/1995,mon
200,49.74,9.34,44.05,52.23,28.2,77,13,6,1995,6/13/1995,tue
173,35.59,27.89,25.92,4.79,27.5,88,14,6,1995,6/14/1995,wed
179,21,18.96,30.61,5.1,29.1,80,15,6,1995,6/15/1995,thur
170,28.91,24.12,31.42,9.17,29.3,79,16,6,1995,6/16/1995,fri
142,25.68,17.24,28.01,7.54,29.4,79,17,6,1995,6/17/1995,sat
136,37.65,15.02,25.94,11.35,27.9,87,18,6,1995,6/18/1995,sun
172,26.41,26.11,23.13,15.35,29.5,79,19,6,1995,6/19/1995,mon
184,23.77,13.7,23.83,12.73,29.8,77,20,6,1995,6/20/1995,tue
177,23.48,15.06,25.86,13.48,29.9,74,21,6,1995,6/21/1995,wed
165,22.65,11.4,25.85,14.67,30,75,22,6,1995,6/22/1995,thur
161,23.57,14.92,28.35,13.35,29.9,75,23,6,1995,6/23/1995,fri
132,23.81,12.45,23.7,14.29,30.1,74,24,6,1995,6/24/1995,sat
170,23.6,11.24,19.85,18.23,30,74,25,6,1995,6/25/1995,sun
181,31.83,16.35,26.89,18.54,29.7,76,26,6,1995,6/26/1995,mon
180,31.91,15.09,30.04,9.65,30.1,75,27,6,1995,6/27/1995,tue
175,35.27,20.31,29.39,10.73,28.9,82,28,6,1995,6/28/1995,wed
186,27.55,9.72,22.03,18.18,29.5,78,29,6,1995,6/29/1995,thur
169,32.64,19.5,22.59,9.79,29.4,81,30,6,1995,6/30/1995,fri
166,29.45,6.98,17.27,15.23,28.8,84,1,7,1995,7/1/1995,sat
153,36.76,20.55,19.67,9.85,26.8,91,2,7,1995,7/2/1995,sun
180,39.26,29.13,27.05,6.23,26.6,90,3,7,1995,7/3/1995,mon
161,40.95,28.58,31.55,16.18,26.3,91,4,7,1995,7/4/1995,tue
190,34.69,28.47,30.23,6.4,27.8,86,5,7,1995,7/5/1995,wed
179,31.58,28.56,23.18,14.79,29.1,81,6,7,1995,7/6/1995,thur
167,23.99,5.52,25.3,13.54,29.1,83,7,7,1995,7/7/1995,fri
177,27.38,6.37,21.89,15.35,28.6,83,8,7,1995,7/8/1995,sat
169,34.53,22.39,24.27,11.23,27.5,86,9,7,1995,7/9/1995,sun
204,31.17,25.5,23.37,16.98,29.1,77,10,7,1995,7/10/1995,mon
183,32.24,26.14,23.06,17.35,29.6,77,11,7,1995,7/11/1995,tue
206,39.8,19.29,25.12,9.98,28.2,86,12,7,1995,7/12/1995,wed
194,45.22,20.45,25.84,1.42,25.8,96,13,7,1995,7/13/1995,thur
162,42.61,20.87,30.63,0.04,25,95,14,7,1995,7/14/1995,fri
158,35.66,17.33,35,0,24.9,96,15,7,1995,7/15/1995,sat
167,34.62,16.07,27.6,3.54,26.3,93,16,7,1995,7/16/1995,sun
169,35.48,28.99,26.77,9,28.3,84,17,7,1995,7/17/1995,mon
172,36.72,19.87,25.68,15.29,29,76,18,7,1995,7/18/1995,tue
195,33.16,19.39,24.82,31.06,29.4,77,19,7,1995,7/19/1995,wed
203,36.58,15.47,25.2,20.92,29.6,75,20,7,1995,7/20/1995,thur
157,42.89,24.67,31.42,27.85,29.8,77,21,7,1995,7/21/1995,fri
180,38.12,17.7,36.36,31.42,30.3,77,22,7,1995,7/22/1995,sat
157,38.99,15.03,25.73,29.92,30.3,77,23,7,1995,7/23/1995,sun
212,40.7,18.17,26.98,12.1,29.3,80,24,7,1995,7/24/1995,mon
198,49.72,24.67,27.97,5.98,27.1,90,25,7,1995,7/25/1995,tue
186,47.12,29.53,30.31,10.17,26.6,88,26,7,1995,7/26/1995,wed
184,51.6,17.81,18.34,11.1,24.6,94,27,7,1995,7/27/1995,thur
177,36.7,10.05,26.71,16.15,27.4,86,28,7,1995,7/28/1995,fri
169,71.25,28.2,60.1,41.42,28.7,80,29,7,1995,7/29/1995,sat
166,50.5,15.95,52.46,53.04,29.2,77,30,7,1995,7/30/1995,sun
196,62.53,39.48,66.86,48.73,28.4,80,31,7,1995,7/31/1995,mon
175,30.28,19.61,27.13,7.08,28.8,81,1,8,1995,8/1/1995,tue
213,31.06,14.27,26.81,6.54,28,85,2,8,1995,8/2/1995,wed
149,33.35,14.79,16.9,12.31,25,93,3,8,1995,8/3/1995,thur
165,27.6,10.03,17.26,9.93,25,94,4,8,1995,8/4/1995,fri
172,28.17,7.02,20.56,3.73,25.3,96,5,8,1995,8/5/1995,sat
171,29.9,6.92,24.9,10.17,25.6,94,6,8,1995,8/6/1995,sun
182,37.19,11.37,30.55,8.6,26.5,92,7,8,1995,8/7/1995,mon
167,32.22,17.9,32.67,4.17,27.5,89,8,8,1995,8/8/1995,tue
174,47.92,25.34,38.61,12.1,28.2,81,9,8,1995,8/9/1995,wed
185,57.1,30.44,49.11,50.98,29.1,78,10,8,1995,8/10/1995,thur
171,25.14,6.7,17.72,9.42,26.8,85,11,8,1995,8/11/1995,fri
160,19.06,4.23,19.82,22.23,24.7,92,12,8,1995,8/12/1995,sat
154,28.98,19.45,30.72,5.04,27.6,86,13,8,1995,8/13/1995,sun
194,44.18,20.84,30.09,1.1,24.9,95,14,8,1995,8/14/1995,mon
198,40.44,14.07,26.77,8.48,25.9,90,15,8,1995,8/15/1995,tue
191,44.22,10.42,27.97,25.99,27,87,16,8,1995,8/16/1995,wed
207,43.61,9.86,25.02,28.79,27.4,82,17,8,1995,8/17/1995,thur
172,52.72,12.97,34.6,28.98,27.7,81,18,8,1995,8/18/1995,fri
180,39.65,9.01,29.3,34.23,28.1,82,19,8,1995,8/19/1995,sat
159,32.04,6.3,23.61,23.54,28.2,83,20,8,1995,8/20/1995,sun
174,33.41,8.16,29.92,34.52,29.1,78,21,8,1995,8/21/1995,mon
192,30.85,11.82,29.35,15.98,29.3,81,22,8,1995,8/22/1995,tue
195,53.47,45.61,38.49,6.35,29.1,80,23,8,1995,8/23/1995,wed
193,87.1,51.56,77.97,11.73,28.3,84,24,8,1995,8/24/1995,thur
185,82.56,31.74,91.79,60.71,29,80,25,8,1995,8/25/1995,fri
156,26.21,7.37,17.33,23.79,28.3,83,26,8,1995,8/26/1995,sat
133,20.26,4.26,14.13,15.6,26.2,92,27,8,1995,8/27/1995,sun
143,17.18,5.03,17.28,14.48,27.3,87,28,8,1995,8/28/1995,mon
178,28.89,8.02,26.54,15.92,28,85,29,8,1995,8/29/1995,tue
190,58.66,33.83,49.02,27.67,28.9,77,30,8,1995,8/30/1995,wed
164,38.33,NA,64.42,NA,27.6,84,31,8,1995,8/31/1995,thur
150,32.58,NA,19.61,NA,27.2,90,1,9,1995,9/1/1995,fri
149,22.64,6.83,23.37,9.35,27.4,91,2,9,1995,9/2/1995,sat
165,43.13,22.88,38.98,24.35,28.4,82,3,9,1995,9/3/1995,sun
205,70.89,44.79,59.14,19.21,28.7,80,4,9,1995,9/4/1995,mon
181,61.98,35.27,67.93,28.56,29.8,78,5,9,1995,9/5/1995,tue
167,23.11,5.97,22.06,13.29,28.2,87,6,9,1995,9/6/1995,wed
174,22.83,6.68,24.98,18.04,28.8,81,7,9,1995,9/7/1995,thur
164,32.04,12.48,36.42,8.42,28.8,85,8,9,1995,9/8/1995,fri
141,54.28,38.31,46.53,22.54,29.3,80,9,9,1995,9/9/1995,sat
154,39.33,20.03,37.56,23.85,29.2,79,10,9,1995,9/10/1995,sun
189,28,9.15,25.89,22.04,29.6,77,11,9,1995,9/11/1995,mon
177,40.57,8.89,42.07,41.48,29.2,75,12,9,1995,9/12/1995,tue
196,50.2,12.08,42.21,39.35,29.1,75,13,9,1995,9/13/1995,wed
150,53.51,12.98,51.55,41.92,28.3,84,14,9,1995,9/14/1995,thur
158,58.74,17.02,57.87,33.31,28.7,77,15,9,1995,9/15/1995,fri
164,58.73,17.64,69.24,39.6,27.8,82,16,9,1995,9/16/1995,sat
151,46.81,8.39,59.98,53.85,26.6,81,17,9,1995,9/17/1995,sun
169,45.41,8.38,58.03,66.75,26.4,72,18,9,1995,9/18/1995,mon
168,54.35,8.39,43.51,59.1,25.6,70,19,9,1995,9/19/1995,tue
177,47.24,8.41,29.08,41.42,24.3,76,20,9,1995,9/20/1995,wed
140,51.5,9.45,36.31,33.1,24.5,68,21,9,1995,9/21/1995,thur
160,73.05,19.79,77.01,76.54,26.5,61,22,9,1995,9/22/1995,fri
164,91.37,26.97,73.63,56.92,26.5,61,23,9,1995,9/23/1995,sat
188,70.39,14.55,60.12,48.98,27,76,24,9,1995,9/24/1995,sun
203,57.12,8.47,54.63,21.54,26.9,78,25,9,1995,9/25/1995,mon
181,64.14,11.24,71.1,70.6,27.1,73,26,9,1995,9/26/1995,tue
199,50.18,7.6,58.07,70.17,27.2,69,27,9,1995,9/27/1995,wed
163,44.99,5.77,47.63,36.98,27.1,78,28,9,1995,9/28/1995,thur
146,44.5,7.09,56.67,49.73,27.3,79,29,9,1995,9/29/1995,fri
186,44.79,6.46,35.71,38.42,27.1,76,30,9,1995,9/30/1995,sat
179,40.78,6.18,43.84,65.54,27.7,75,1,10,1995,10/1/1995,sun
150,22.79,2.84,17.94,11.23,25.5,87,2,10,1995,10/2/1995,mon
150,19.18,2.32,26.22,25.17,26.4,92,3,10,1995,10/3/1995,tue
181,29.03,9.52,30.2,6.77,27.6,85,4,10,1995,10/4/1995,wed
153,38.41,9.96,23.6,6.85,25.8,94,5,10,1995,10/5/1995,thur
147,45.69,10.35,31.14,12.73,25.2,92,6,10,1995,10/6/1995,fri
142,40.54,8.19,29.11,29.17,25.2,78,7,10,1995,10/7/1995,sat
120,43.16,8.97,36.45,52.29,25.9,75,8,10,1995,10/8/1995,sun
166,42.67,11.04,43.75,26.73,26.2,76,9,10,1995,10/9/1995,mon
170,42.18,10.11,47.62,42.65,25.8,79,10,10,1995,10/10/1995,tue
164,40.37,6.87,42.6,49.1,25.7,74,11,10,1995,10/11/1995,wed
145,42.43,6.71,46.94,53.04,25.3,79,12,10,1995,10/12/1995,thur
146,40.77,6.34,44.99,44.73,25.4,82,13,10,1995,10/13/1995,fri
148,49.1,9.43,40.16,51.94,25.4,87,14,10,1995,10/14/1995,sat
168,48.88,7.98,28.8,38.42,24.3,92,15,10,1995,10/15/1995,sun
182,52,9.53,60.99,70.54,25.3,76,16,10,1995,10/16/1995,mon
148,46.48,10.52,60.4,72.98,24.8,73,17,10,1995,10/17/1995,tue
184,65.93,23.04,67.89,41.71,24.8,78,18,10,1995,10/18/1995,wed
156,72.1,18.76,72.39,43.04,25,79,19,10,1995,10/19/1995,thur
123,68.83,13.33,65.72,50.43,25.3,75,20,10,1995,10/20/1995,fri
148,61.82,10.83,58.3,30.04,25.3,75,21,10,1995,10/21/1995,sat
136,47,8.6,50.58,59.17,25.2,72,22,10,1995,10/22/1995,sun
184,62.69,12.86,57.68,30.6,25.3,71,23,10,1995,10/23/1995,mon
183,50.9,9.2,69.94,31.92,25.6,72,24,10,1995,10/24/1995,tue
172,47.45,8.33,45.9,26.71,23.9,68,25,10,1995,10/25/1995,wed
182,49.54,10.3,61.28,23.85,23.6,70,26,10,1995,10/26/1995,thur
156,58.13,11.54,67.73,31.23,24.3,72,27,10,1995,10/27/1995,fri
142,76.07,18.45,72.34,40.04,24.5,74,28,10,1995,10/28/1995,sat
159,71.81,14.17,66.95,50.98,24.5,79,29,10,1995,10/29/1995,sun
211,74.97,15.96,72.62,48.23,24.5,73,30,10,1995,10/30/1995,mon
159,68.31,18.19,91.74,51.6,24.5,57,31,10,1995,10/31/1995,tue
136,57.34,13.15,115.94,77.1,23.1,58,1,11,1995,11/1/1995,wed
159,70.64,17.33,127.26,62.79,22.1,66,2,11,1995,11/2/1995,thur
169,79.83,19.83,110.96,56.9,22.1,59,3,11,1995,11/3/1995,fri
155,75.22,18.56,94.82,54.92,22.6,52,4,11,1995,11/4/1995,sat
151,56.49,14.59,73.87,33.35,22.5,62,5,11,1995,11/5/1995,sun
192,58.89,17.07,67.09,16.1,23.8,77,6,11,1995,11/6/1995,mon
165,51.55,11.13,59.12,16.84,23.4,72,7,11,1995,11/7/1995,tue
183,65.03,17.83,118.23,41.23,22.5,50,8,11,1995,11/8/1995,wed
195,79.81,21,127.73,53.68,21.8,60,9,11,1995,11/9/1995,thur
181,92.61,27.2,96.29,62.48,23.2,59,10,11,1995,11/10/1995,fri
155,74.04,17.71,88.75,74.48,22.2,52,11,11,1995,11/11/1995,sat
164,66.9,12.73,79.74,99.6,22.2,65,12,11,1995,11/12/1995,sun
206,81.11,21.81,72.31,46.85,23.2,75,13,11,1995,11/13/1995,mon
189,61.32,14.12,76.83,26.73,20.5,72,14,11,1995,11/14/1995,tue
187,54.13,12.81,63.06,44.02,18,72,15,11,1995,11/15/1995,wed
183,68.48,14.76,53.03,38.79,19.8,67,16,11,1995,11/16/1995,thur
186,76.3,15.17,45.12,44.54,21.5,69,17,11,1995,11/17/1995,fri
169,64.98,11.94,49.67,52.98,22.2,73,18,11,1995,11/18/1995,sat
164,57.72,13.59,59.34,61.29,22.8,68,19,11,1995,11/19/1995,sun
205,70.14,21.25,109.99,43.06,20.9,57,20,11,1995,11/20/1995,mon
211,68.13,19.26,114.99,42.6,19.7,65,21,11,1995,11/21/1995,tue
156,98.85,32.54,141.77,51.67,20.1,69,22,11,1995,11/22/1995,wed
181,50.72,14.44,83.45,51.67,19.4,48,23,11,1995,11/23/1995,thur
159,57.92,14.58,71.63,56.6,16.3,31,24,11,1995,11/24/1995,fri
179,86.13,19,59.62,52.85,17.1,46,25,11,1995,11/25/1995,sat
185,96.02,16.66,73.36,44.54,19.8,70,26,11,1995,11/26/1995,sun
240,81.71,14.17,64.91,58.92,20.8,77,27,11,1995,11/27/1995,mon
227,68.83,14.6,76.57,43.35,20.7,74,28,11,1995,11/28/1995,tue
194,71.52,15.88,83.38,42.02,20.9,77,29,11,1995,11/29/1995,wed
192,72.08,13.1,55.84,45.85,20.8,77,30,11,1995,11/30/1995,thur
178,61.07,10.18,68.47,52.08,20,76,1,12,1995,12/1/1995,fri
175,73.66,14.13,91.52,56.73,19.6,71,2,12,1995,12/2/1995,sat
161,69,14.81,106.37,62.73,19.8,69,3,12,1995,12/3/1995,sun
205,69.72,19.55,104.83,42.04,18.3,61,4,12,1995,12/4/1995,mon
201,69.55,22.92,122.28,49.1,17.7,54,5,12,1995,12/5/1995,tue
178,63.79,20.29,101.29,51.67,16.4,40,6,12,1995,12/6/1995,wed
202,70.33,19.46,83.49,57.42,15.8,38,7,12,1995,12/7/1995,thur
174,78.11,23.37,77.62,61.42,15.2,42,8,12,1995,12/8/1995,fri
150,85.85,22.38,89.7,78.1,15.3,58,9,12,1995,12/9/1995,sat
184,60.58,9.31,48.42,81.85,17,67,10,12,1995,12/10/1995,sun
236,87.7,24.18,63.25,41.42,18.3,73,11,12,1995,12/11/1995,mon
215,97.08,27.18,74.64,73.42,19,71,12,12,1995,12/12/1995,tue
226,78.58,19.32,64.2,62.97,19.2,69,13,12,1995,12/13/1995,wed
202,81.61,21.27,87.54,35.92,20.2,74,14,12,1995,12/14/1995,thur
196,58.69,7.44,46.75,26.79,19.4,88,15,12,1995,12/15/1995,fri
159,59.38,9.49,74.27,28.29,19.5,82,16,12,1995,12/16/1995,sat
177,48.22,8.79,52.03,4.48,19.4,84,17,12,1995,12/17/1995,sun
184,46.51,10.65,37.04,15.65,16.3,75,18,12,1995,12/18/1995,mon
188,59.4,19.67,47.46,23.29,16.6,70,19,12,1995,12/19/1995,tue
186,65.12,14.73,62.92,25.06,17.3,71,20,12,1995,12/20/1995,wed
168,54.42,13.66,56.31,39.79,16.6,70,21,12,1995,12/21/1995,thur
176,74.21,23.5,79.08,28.29,17.1,72,22,12,1995,12/22/1995,fri
171,77.08,25.79,84.8,29.48,18.1,71,23,12,1995,12/23/1995,sat
143,67.41,16.95,90.08,57.73,18,61,24,12,1995,12/24/1995,sun
151,71.81,22.85,114.56,71.79,16.2,63,25,12,1995,12/25/1995,mon
169,63.97,20.02,93.98,63.98,14.7,59,26,12,1995,12/26/1995,tue
200,72.95,19.51,75.38,43.54,15.6,57,27,12,1995,12/27/1995,wed
202,67.55,18.26,79.66,50.92,15.5,50,28,12,1995,12/28/1995,thur
170,67.44,19.16,72.92,59.77,15.4,37,29,12,1995,12/29/1995,fri
160,78.68,26.52,71.35,42.85,14.9,38,30,12,1995,12/30/1995,sat
196,93.87,31.25,93.7,53.23,15.6,51,31,12,1995,12/31/1995,sun
178,92.86,29.99,77.86,39.43,16.5,54,1,1,1996,1/1/1996,mon
215,122.16,42.94,90.81,34.74,17.5,63,2,1,1996,1/2/1996,tue
188,122.22,55.42,119.25,40.49,18.2,56,3,1,1996,1/3/1996,wed
195,59.52,14.9,97.42,69.55,17.4,59,4,1,1996,1/4/1996,thur
193,73.92,13.27,94.87,51.74,19.3,62,5,1,1996,1/5/1996,fri
183,78.92,12.81,74.45,63.49,20.8,73,6,1,1996,1/6/1996,sat
183,68.35,10.45,61.94,80.24,20.9,74,7,1,1996,1/7/1996,sun
214,71.92,15.5,75.16,39.11,19.3,65,8,1,1996,1/8/1996,mon
197,58.21,16.24,96.78,34.17,15.4,66,9,1,1996,1/9/1996,tue
183,85.76,31.93,101.25,28.36,16.7,72,10,1,1996,1/10/1996,wed
174,56.41,9.97,65.22,52.74,17.6,73,11,1,1996,1/11/1996,thur
172,53.69,6.81,50.17,46.99,17.8,80,12,1,1996,1/12/1996,fri
206,58.03,9.03,40.13,44.18,18.2,78,13,1,1996,1/13/1996,sat
157,71.96,17.28,77.46,55.99,18.8,78,14,1,1996,1/14/1996,sun
216,72.77,23.59,57.15,17.74,20.1,82,15,1,1996,1/15/1996,mon
168,60.6,17.4,83.9,21.05,18.3,76,16,1,1996,1/16/1996,tue
167,55.28,9.1,47.78,31.36,18.1,79,17,1,1996,1/17/1996,wed
182,87.02,45.36,99.37,40.18,20,76,18,1,1996,1/18/1996,thur
161,56.07,14.34,71.27,24.68,16,70,19,1,1996,1/19/1996,fri
134,51.69,9.55,35.69,44.61,16.9,73,20,1,1996,1/20/1996,sat
159,53.63,6.9,34.72,31.86,18.4,84,21,1,1996,1/21/1996,sun
180,101.13,45.91,114.43,11.17,19.3,82,22,1,1996,1/22/1996,mon
186,85.15,51.55,110.65,34.74,17.8,73,23,1,1996,1/23/1996,tue
162,48.06,7.39,47.84,52.93,18,79,24,1,1996,1/24/1996,wed
171,69.08,24.44,90.79,35.61,18.1,73,25,1,1996,1/25/1996,thur
187,55.91,12.78,49.3,26.43,15.1,68,26,1,1996,1/26/1996,fri
172,55.85,13.6,62.06,9.8,14.3,67,27,1,1996,1/27/1996,sat
147,62.56,13.97,67.6,18.93,15.4,68,28,1,1996,1/28/1996,sun
191,73.92,23.29,83.29,24.74,16.5,69,29,1,1996,1/29/1996,mon
198,60.56,15.45,75.16,21.99,16.4,71,30,1,1996,1/30/1996,tue
185,81.43,24.48,98.69,41.74,17.7,66,31,1,1996,1/31/1996,wed
179,73.34,21.27,97.9,49.68,16.5,58,1,2,1996,2/1/1996,thur
161,69.75,18.81,99.86,56.55,15.6,58,2,2,1996,2/2/1996,fri
179,67.44,15.33,87.24,73.3,14.9,64,3,2,1996,2/3/1996,sat
184,93.45,23.49,88.23,47.68,16.6,64,4,2,1996,2/4/1996,sun
230,91.93,24.36,104.22,58.7,17.8,63,5,2,1996,2/5/1996,mon
184,65.94,12.97,78.6,68.29,15.8,61,6,2,1996,2/6/1996,tue
183,64,11.62,67.82,50.86,16.6,68,7,2,1996,2/7/1996,wed
222,85.03,23.88,83.6,39.58,19.1,65,8,2,1996,2/8/1996,thur
180,55.9,12.14,80.27,54.99,18.5,55,9,2,1996,2/9/1996,fri
174,67.41,14.8,75.11,67.3,15.2,48,10,2,1996,2/10/1996,sat
192,61.75,11.14,73.32,56.36,15.8,70,11,2,1996,2/11/1996,sun
220,87.66,19.99,62.16,20.31,18.5,82,12,2,1996,2/12/1996,mon
217,77.29,29.85,48.53,18.55,20.3,80,13,2,1996,2/13/1996,tue
196,65.63,39.21,42.85,6.31,21.7,81,14,2,1996,2/14/1996,wed
179,53.68,40.69,40.79,10,22.9,84,15,2,1996,2/15/1996,thur
190,54.42,6.97,39.82,56.67,19.6,90,16,2,1996,2/16/1996,fri
166,49.07,4.43,42.31,48.11,17.9,86,17,2,1996,2/17/1996,sat
150,29.28,3.17,18.55,19.18,11.1,76,18,2,1996,2/18/1996,sun
158,28.74,3.11,16.05,17.81,8.2,82,19,2,1996,2/19/1996,mon
209,35.95,4.01,21.26,24.06,7.2,81,20,2,1996,2/20/1996,tue
218,37.53,3.12,20.46,NA,6.9,86,21,2,1996,2/21/1996,wed
246,44.19,4.91,21.17,NA,8.9,81,22,2,1996,2/22/1996,thur
240,48.74,6.76,24.7,11.36,9.8,83,23,2,1996,2/23/1996,fri
217,53.31,8.15,23.69,9.74,9.9,86,24,2,1996,2/24/1996,sat
232,56.87,12.32,37.89,7.49,12.2,79,25,2,1996,2/25/1996,sun
275,52.49,11.68,39.99,2.04,12.6,85,26,2,1996,2/26/1996,mon
244,51.52,7.71,33.36,7.74,11.9,83,27,2,1996,2/27/1996,tue
244,59.97,8.33,50.23,41.67,13.7,79,28,2,1996,2/28/1996,wed
249,74.24,28.31,101.88,41.68,16.3,83,29,2,1996,2/29/1996,thur
247,71.75,18.87,66.98,54.92,17.9,69,1,3,1996,3/1/1996,fri
261,87.35,18,107.9,41.68,16.9,67,2,3,1996,3/2/1996,sat
241,93.39,20.05,110.64,67.49,17.4,67,3,3,1996,3/3/1996,sun
264,74.6,13.87,66.04,79.49,18.3,66,4,3,1996,3/4/1996,mon
301,74.69,14.52,66.03,82.68,18.9,65,5,3,1996,3/5/1996,tue
296,78.83,13.17,73.87,53.24,20.5,76,6,3,1996,3/6/1996,wed
314,75.27,29.37,67.49,29.3,21.9,81,7,3,1996,3/7/1996,thur
246,75.28,39.67,63.46,7.18,21.1,85,8,3,1996,3/8/1996,fri
250,46.44,7.63,39.6,30.93,17.6,86,9,3,1996,3/9/1996,sat
227,43.06,5.57,22.15,12.61,12.5,85,10,3,1996,3/10/1996,sun
256,49.26,10.74,32.98,20.79,13.7,80,11,3,1996,3/11/1996,mon
243,59.17,14.13,56.22,8.93,14.5,83,12,3,1996,3/12/1996,tue
252,66.13,12.96,44.46,21.3,16.1,91,13,3,1996,3/13/1996,wed
253,62.72,14.71,52.1,19.06,19.4,91,14,3,1996,3/14/1996,thur
273,48.38,32.93,45.58,5.15,24.1,86,15,3,1996,3/15/1996,fri
241,35.34,15.95,32.88,12.74,24.9,83,16,3,1996,3/16/1996,sat
274,30.9,20.97,27.75,11.11,25.5,83,17,3,1996,3/17/1996,sun
292,38.02,16.03,26.39,7.96,22.9,90,18,3,1996,3/18/1996,mon
247,43.04,4.78,14.05,26.06,17.3,93,19,3,1996,3/19/1996,tue
256,48.83,7.24,21.98,20.34,17.8,93,20,3,1996,3/20/1996,wed
255,59.21,17.12,40.94,15.61,18.9,95,21,3,1996,3/21/1996,thur
263,53.41,26.38,67.19,4.61,20.6,95,22,3,1996,3/22/1996,fri
239,49.1,7.92,31.9,30.68,18.7,89,23,3,1996,3/23/1996,sat
262,52.23,11.27,40.32,48.24,20.4,80,24,3,1996,3/24/1996,sun
319,66.55,22.69,63.96,39,21.7,81,25,3,1996,3/25/1996,mon
259,50.8,10.98,41.39,21.43,19.3,86,26,3,1996,3/26/1996,tue
248,55.1,8.23,45.22,49.8,21.1,82,27,3,1996,3/27/1996,wed
276,44.97,5.37,27.81,46.61,20.1,86,28,3,1996,3/28/1996,thur
262,82.31,27.05,47.24,26.24,21.2,85,29,3,1996,3/29/1996,fri
251,56.48,21.94,41.15,13.8,24.1,85,30,3,1996,3/30/1996,sat
265,39.8,21.08,33.52,16.24,25.9,85,31,3,1996,3/31/1996,sun
309,48.36,17.08,39.63,18.18,21.1,87,1,4,1996,4/1/1996,mon
249,43.68,7.09,23.55,12.61,14.5,81,2,4,1996,4/2/1996,tue
254,46.31,6.44,19.32,8.99,11.8,91,3,4,1996,4/3/1996,wed
207,45.46,7.51,33.05,13.55,13.3,91,4,4,1996,4/4/1996,thur
274,51.32,6.71,44.27,72.11,16.9,79,5,4,1996,4/5/1996,fri
285,55.33,6.05,55,61.67,19.9,84,6,4,1996,4/6/1996,sat
296,55.94,6.16,39.19,75.92,21.8,86,7,4,1996,4/7/1996,sun
283,50.95,5.82,34.25,41.8,20.8,91,8,4,1996,4/8/1996,mon
283,53.25,5.48,41.69,49.99,18.9,94,9,4,1996,4/9/1996,tue
271,52.41,11.31,27.25,14.36,19.3,87,10,4,1996,4/10/1996,wed
285,51.34,7.84,32.57,30.61,17.7,80,11,4,1996,4/11/1996,thur
219,54.5,9.15,51.58,68.84,17.7,73,12,4,1996,4/12/1996,fri
242,52.72,8.16,42.53,52.11,18.6,82,13,4,1996,4/13/1996,sat
269,66.77,15.3,48.71,49.36,20,82,14,4,1996,4/14/1996,sun
257,80.55,23.39,66.89,14.24,21.1,84,15,4,1996,4/15/1996,mon
315,115.18,84.49,122.64,27.05,22.7,77,16,4,1996,4/16/1996,tue
264,96.54,50.96,88.91,0.67,23.7,88,17,4,1996,4/17/1996,wed
291,52.31,18.8,45.02,12.61,25.3,88,18,4,1996,4/18/1996,thur
234,57.44,17.93,26.28,10.11,23.6,90,19,4,1996,4/19/1996,fri
229,53.81,8.21,37.57,35.11,19.4,80,20,4,1996,4/20/1996,sat
245,59.23,12.15,82.41,80.18,19.3,67,21,4,1996,4/21/1996,sun
275,67.09,12.47,75.71,77.99,19.3,66,22,4,1996,4/22/1996,mon
272,67.57,10.73,52.28,73.18,20,64,23,4,1996,4/23/1996,tue
265,67.15,10.5,43.54,74.72,21.4,71,24,4,1996,4/24/1996,wed
240,72.72,12.53,47.81,57.8,22.9,75,25,4,1996,4/25/1996,thur
267,72.15,12.31,49.5,50.43,23.8,76,26,4,1996,4/26/1996,fri
223,48.82,8.9,41.01,48.81,24.1,76,27,4,1996,4/27/1996,sat
253,44.63,7.6,40.5,41.11,24.4,85,28,4,1996,4/28/1996,sun
251,47.51,24.83,37.72,18.8,25.3,82,29,4,1996,4/29/1996,mon
221,59.99,21.93,35.04,7.11,24.1,92,30,4,1996,4/30/1996,tue
282,67.34,42.68,55.81,4.55,23.9,94,1,5,1996,5/1/1996,wed
223,42.49,26.46,38.74,16.86,26.3,86,2,5,1996,5/2/1996,thur
217,56.71,9.05,49.45,38.49,24.3,90,3,5,1996,5/3/1996,fri
228,50.88,27.34,45.73,12.24,25.8,88,4,5,1996,5/4/1996,sat
198,48.35,17.97,30.42,22.18,23.6,93,5,5,1996,5/5/1996,sun
241,60.77,9.47,32.16,12.07,22,96,6,5,1996,5/6/1996,mon
266,48.04,22.69,45.53,11.24,25.8,89,7,5,1996,5/7/1996,tue
224,52.6,9.55,28.69,36.93,23.8,78,8,5,1996,5/8/1996,wed
242,58.47,9.38,115.85,92.3,22.8,67,9,5,1996,5/9/1996,thur
240,59.32,9.14,163.79,88.93,22.6,72,10,5,1996,5/10/1996,fri
245,59.34,9.35,59.83,11.8,22.8,85,11,5,1996,5/11/1996,sat
199,50.11,7.6,54.31,55.55,23.4,81,12,5,1996,5/12/1996,sun
243,64.46,14.35,111.63,122.05,24.4,66,13,5,1996,5/13/1996,mon
266,52.76,8.3,72.92,95.68,24.3,74,14,5,1996,5/14/1996,tue
230,45.48,7,54.26,81.05,24.5,73,15,5,1996,5/15/1996,wed
238,73.11,22.73,68.35,57.05,24.7,70,16,5,1996,5/16/1996,thur
225,58.49,11.68,58.84,37.59,24.4,76,17,5,1996,5/17/1996,fri
209,61.39,9.76,54.63,107.3,24.9,62,18,5,1996,5/18/1996,sat
226,45.16,6.53,51.43,103.43,25,70,19,5,1996,5/19/1996,sun
275,47.09,7.88,48.67,70.99,26.6,70,20,5,1996,5/20/1996,mon
240,61.21,14.1,50.88,69.55,26.7,73,21,5,1996,5/21/1996,tue
211,83.34,40.83,69.21,51.8,26.5,75,22,5,1996,5/22/1996,wed
219,66.78,28.98,46.78,43.99,26.3,78,23,5,1996,5/23/1996,thur
208,59.4,28.91,42.52,41.43,26.9,78,24,5,1996,5/24/1996,fri
183,50.07,8.39,51.22,64.93,26.5,81,25,5,1996,5/25/1996,sat
191,52.44,18.81,22.32,18.68,25,91,26,5,1996,5/26/1996,sun
223,54.02,33.49,26.82,15.11,25.7,90,27,5,1996,5/27/1996,mon
210,55.82,33.47,33.88,17.93,26.5,87,28,5,1996,5/28/1996,tue
209,55.55,32.38,39.9,0.29,25.6,93,29,5,1996,5/29/1996,wed
200,35.67,25.71,30.79,13.94,26.9,89,30,5,1996,5/30/1996,thur
172,25.3,16.78,23.52,11.93,27.7,84,31,5,1996,5/31/1996,fri
167,32.19,32.13,28.09,17.18,28.4,79,1,6,1996,6/1/1996,sat
205,28.11,22.2,21.82,18.24,28.7,77,2,6,1996,6/2/1996,sun
219,25.74,22.29,23.75,21.11,29.1,76,3,6,1996,6/3/1996,mon
214,27.3,17.99,21.73,25.22,29.1,73,4,6,1996,6/4/1996,tue
231,27.8,23.77,25.32,23.93,29.2,74,5,6,1996,6/5/1996,wed
194,31.31,22.2,26.11,23.52,29.6,73,6,6,1996,6/6/1996,thur
208,39.37,28.65,30.8,34.36,29.8,76,7,6,1996,6/7/1996,fri
195,45.22,25.15,34.24,32.49,29.6,79,8,6,1996,6/8/1996,sat
180,21.83,7.37,20.07,20.74,29.6,77,9,6,1996,6/9/1996,sun
210,22.08,9.61,23.04,13.17,29.6,76,10,6,1996,6/10/1996,mon
225,30.15,16.77,26.2,16.18,29.7,75,11,6,1996,6/11/1996,tue
235,39.68,25.74,26.85,18.74,29.6,74,12,6,1996,6/12/1996,wed
200,29.45,17.74,25.08,17.18,29.5,74,13,6,1996,6/13/1996,thur
205,29.56,11.28,26.63,16.3,29,76,14,6,1996,6/14/1996,fri
190,27.86,7.79,20.73,12.8,27.3,87,15,6,1996,6/15/1996,sat
220,27.81,15.89,21,11.36,26.5,88,16,6,1996,6/16/1996,sun
246,27.68,28.07,21.14,19.18,28.3,81,17,6,1996,6/17/1996,mon
247,30.61,38.12,22.27,14.11,28.5,79,18,6,1996,6/18/1996,tue
231,27.68,20.57,24.43,13.99,28.9,77,19,6,1996,6/19/1996,wed
216,24.8,12.42,25.25,23.11,29.1,78,20,6,1996,6/20/1996,thur
245,31.19,13.98,30.51,16.74,28.9,81,21,6,1996,6/21/1996,fri
207,48.2,20.45,30.4,7.3,26.1,92,22,6,1996,6/22/1996,sat
214,38.51,16.56,21.96,4.11,25.3,95,23,6,1996,6/23/1996,sun
226,36.28,22.09,38.1,13.18,28.3,85,24,6,1996,6/24/1996,mon
236,34.46,27.95,35.92,23.55,29.2,80,25,6,1996,6/25/1996,tue
261,35.63,18.25,34.95,19.41,29.4,80,26,6,1996,6/26/1996,wed
219,36.16,24.49,29.43,26.43,29.5,77,27,6,1996,6/27/1996,thur
232,32.23,18.52,28.13,17.86,28.9,79,28,6,1996,6/28/1996,fri
240,26.02,22.83,27.28,12.18,29.2,78,29,6,1996,6/29/1996,sat
231,19.83,14.23,24.72,17.61,29.1,77,30,6,1996,6/30/1996,sun
258,26.93,21.37,29.42,20.36,29.3,79,1,7,1996,7/1/1996,mon
255,22.9,17.89,25.71,18.05,29.8,75,2,7,1996,7/2/1996,tue
289,29.1,17.72,23.23,9.29,29.6,76,3,7,1996,7/3/1996,wed
259,30.03,44.39,27.4,22.21,30.1,74,4,7,1996,7/4/1996,thur
280,34.46,31.49,27.94,22.81,29.6,74,5,7,1996,7/5/1996,fri
253,34.53,27.24,27.39,29.99,29.6,75,6,7,1996,7/6/1996,sat
297,33.96,18.01,23.53,40.86,29.9,75,7,7,1996,7/7/1996,sun
320,35.92,29.98,26.38,27.11,29.5,76,8,7,1996,7/8/1996,mon
257,32.19,22.22,22.98,29.18,29.7,74,9,7,1996,7/9/1996,tue
264,26.04,18.47,25.11,19.8,29.9,74,10,7,1996,7/10/1996,wed
275,25.32,16.52,30.18,15.74,29.6,76,11,7,1996,7/11/1996,thur
253,49,27.81,35.86,12.24,27.9,83,12,7,1996,7/12/1996,fri
269,34.29,31.35,29.76,16.43,29.1,79,13,7,1996,7/13/1996,sat
241,23.74,19.95,17.47,18.55,29.6,77,14,7,1996,7/14/1996,sun
290,28.33,23.81,20.25,16.93,30,74,15,7,1996,7/15/1996,mon
250,31.81,24.81,25.67,20.24,29.5,77,16,7,1996,7/16/1996,tue
309,28.6,16.56,22.16,31.06,30.3,74,17,7,1996,7/17/1996,wed
314,28.1,11.05,20.76,25.43,29.1,81,18,7,1996,7/18/1996,thur
244,28.95,8.63,24.06,6.99,28.3,88,19,7,1996,7/19/1996,fri
265,25.7,6.31,26.06,16.43,29.7,81,20,7,1996,7/20/1996,sat
236,16.76,3.4,25.12,14.43,29,85,21,7,1996,7/21/1996,sun
246,22.69,4.24,23.15,23.05,28.1,86,22,7,1996,7/22/1996,mon
238,23.78,5.53,23.51,16.49,28,86,23,7,1996,7/23/1996,tue
259,28.24,7.75,25.46,16.81,29.3,82,24,7,1996,7/24/1996,wed
291,76.9,64.41,80.22,107.3,29.8,75,25,7,1996,7/25/1996,thur
218,72.98,69.07,103.02,135.61,30.6,73,26,7,1996,7/26/1996,fri
229,50.38,25.56,31.68,19.24,27.7,84,27,7,1996,7/27/1996,sat
199,29.27,16.19,26.77,27.8,28.8,80,28,7,1996,7/28/1996,sun
226,29.49,9.54,28.54,14.93,28.4,86,29,7,1996,7/29/1996,mon
226,48.95,22.5,39.24,2.54,27.8,86,30,7,1996,7/30/1996,tue
228,75.1,74.49,77.49,90.72,29.2,76,31,7,1996,7/31/1996,wed
209,61.69,42.69,67.26,73.36,30.9,73,1,8,1996,8/1/1996,thur
200,40.57,15.23,46.69,16.8,29.7,83,2,8,1996,8/2/1996,fri
210,31.97,8.6,39,16.49,28.9,86,3,8,1996,8/3/1996,sat
164,19,4.06,24.63,12.24,27.8,91,4,8,1996,8/4/1996,sun
172,27.9,6.49,23.67,24.09,28.8,79,5,8,1996,8/5/1996,mon
199,61.12,19.77,49.82,52.86,29.6,72,6,8,1996,8/6/1996,tue
198,34,15.52,34.28,20.36,29.7,80,7,8,1996,8/7/1996,wed
186,34.48,25.08,34.14,25.68,29.7,77,8,8,1996,8/8/1996,thur
181,34.44,24.5,35.56,23.24,29.7,77,9,8,1996,8/9/1996,fri
170,56.76,38.05,47.83,18.11,29.1,80,10,8,1996,8/10/1996,sat
173,46.55,33.98,39.78,34.55,28.7,80,11,8,1996,8/11/1996,sun
213,48.89,43.86,39.78,48.06,29.2,76,12,8,1996,8/12/1996,mon
172,44.07,39.07,36.54,32.91,29.5,75,13,8,1996,8/13/1996,tue
182,42.02,23.13,31.17,10.99,27,87,14,8,1996,8/14/1996,wed
166,35.06,15.18,30.53,19.81,26.6,92,15,8,1996,8/15/1996,thur
162,39.24,23.45,31.32,5.43,26.2,91,16,8,1996,8/16/1996,fri
176,41.34,38.15,33.74,8.18,25.2,92,17,8,1996,8/17/1996,sat
160,37.65,24.26,34.1,6.68,25.4,92,18,8,1996,8/18/1996,sun
194,37.21,21.36,31.02,17.86,27.7,81,19,8,1996,8/19/1996,mon
180,93.42,52.3,82.25,168.93,29.1,76,20,8,1996,8/20/1996,tue
181,23.96,7.58,31.45,19.17,29.3,76,21,8,1996,8/21/1996,wed
184,24.21,10.94,26.16,22.06,29.1,82,22,8,1996,8/22/1996,thur
187,38.11,27.51,35.88,32.06,28.7,78,23,8,1996,8/23/1996,fri
166,49.51,43.2,40.08,16.49,28.9,79,24,8,1996,8/24/1996,sat
167,48.11,35.36,31.07,17.93,27.1,81,25,8,1996,8/25/1996,sun
185,50.14,41.09,33.61,17.24,27.7,77,26,8,1996,8/26/1996,mon
191,40.43,31.91,28.5,34.68,28.6,76,27,8,1996,8/27/1996,tue
193,43.41,41.03,35.88,29.79,29.1,76,28,8,1996,8/28/1996,wed
173,41.87,26.51,34.56,28.68,29.2,79,29,8,1996,8/29/1996,thur
176,31.84,26.99,32.3,17.36,28.8,74,30,8,1996,8/30/1996,fri
174,35.49,32.15,33.09,19.18,28.6,81,31,8,1996,8/31/1996,sat
177,60.71,44.73,45.31,62.11,29.1,77,1,9,1996,9/1/1996,sun
184,102.53,55.87,93.46,60.43,28.4,82,2,9,1996,9/2/1996,mon
188,76.26,27.76,67.35,50.74,28.4,85,3,9,1996,9/3/1996,tue
179,59.07,17.44,42.49,37.84,28.3,78,4,9,1996,9/4/1996,wed
174,54.1,10.82,40.23,63.34,28.3,77,5,9,1996,9/5/1996,thur
164,71.3,18.78,59.17,38.8,28.7,77,6,9,1996,9/6/1996,fri
171,55.72,12.01,46.07,51.55,29,75,7,9,1996,9/7/1996,sat
194,46.25,10.56,47.47,91.74,29.5,73,8,9,1996,9/8/1996,sun
170,20.47,6.42,31.71,23.36,28,84,9,9,1996,9/9/1996,mon
198,37.13,11.05,32.97,41.74,29.1,79,10,9,1996,9/10/1996,tue
190,39.06,9.44,39.99,54.43,29.5,75,11,9,1996,9/11/1996,wed
195,32.12,8.28,38.68,49.19,29.3,72,12,9,1996,9/12/1996,thur
152,24.97,5.97,22.17,16.24,27.1,88,13,9,1996,9/13/1996,fri
152,26.34,5.73,24.24,7.55,25.6,94,14,9,1996,9/14/1996,sat
152,38.75,6.5,32.19,29.05,26.6,90,15,9,1996,9/15/1996,sun
169,41.74,11.66,43.26,39.11,28.5,78,16,9,1996,9/16/1996,mon
194,40,9.66,47.9,43.18,28.2,78,17,9,1996,9/17/1996,tue
152,34.27,8.67,43.26,35.47,27.9,84,18,9,1996,9/18/1996,wed
195,26.94,6.78,22.16,12.64,27.5,89,19,9,1996,9/19/1996,thur
178,33.06,9.26,26.86,11.24,27.3,92,20,9,1996,9/20/1996,fri
147,38.33,12.49,29.56,2.43,25.8,96,21,9,1996,9/21/1996,sat
148,45.24,9.03,39.33,52.49,26.7,88,22,9,1996,9/22/1996,sun
199,50.71,13.52,46.74,25.18,26.8,83,23,9,1996,9/23/1996,mon
168,48.78,11.39,29.67,43.54,26.1,83,24,9,1996,9/24/1996,tue
174,51.89,13.48,36.55,26.74,25.6,89,25,9,1996,9/25/1996,wed
189,50.45,11.97,33.95,52.66,27.2,78,26,9,1996,9/26/1996,thur
154,56.54,13.96,42.73,66.52,27,80,27,9,1996,9/27/1996,fri
187,54.03,13.24,58.3,85.36,26.7,64,28,9,1996,9/28/1996,sat
172,53.96,12.11,63.75,90.99,26.9,62,29,9,1996,9/29/1996,sun
205,66.33,16.66,68.06,83.36,27.1,62,30,9,1996,9/30/1996,mon
187,66.75,15.39,56,52.74,26.6,74,1,10,1996,10/1/1996,tue
153,87.7,33.99,71.51,31.92,26.5,78,2,10,1996,10/2/1996,wed
215,91.23,53.57,108.26,95.18,27.6,77,3,10,1996,10/3/1996,thur
188,81.08,36.39,93.69,66.68,27.2,81,4,10,1996,10/4/1996,fri
180,55.16,10.49,57.65,71.18,27,78,5,10,1996,10/5/1996,sat
166,36.92,5.96,31.39,45.3,27.3,84,6,10,1996,10/6/1996,sun
209,41.31,7.93,37.35,32.49,28,82,7,10,1996,10/7/1996,mon
190,63.55,18.53,60.19,60.49,27,80,8,10,1996,10/8/1996,tue
189,59.89,14.67,54.52,18.36,25.2,75,9,10,1996,10/9/1996,wed
192,52.68,12.15,44.79,45.68,25.9,71,10,10,1996,10/10/1996,thur
157,58.66,13.74,49.99,61.11,26.4,72,11,10,1996,10/11/1996,fri
155,55.79,13.45,55.05,75.11,26.6,67,12,10,1996,10/12/1996,sat
206,38.47,8.38,49,49.74,26.3,66,13,10,1996,10/13/1996,sun
209,41.29,9.58,56.18,30.68,26.6,74,14,10,1996,10/14/1996,mon
174,53.09,13.21,78.32,63.93,26,73,15,10,1996,10/15/1996,tue
178,52.93,11.27,70.59,92.68,25.5,65,16,10,1996,10/16/1996,wed
199,65.44,14.63,66.51,64.8,25.9,69,17,10,1996,10/17/1996,thur
158,82.64,22.12,89.15,77.05,26.1,77,18,10,1996,10/18/1996,fri
157,62.19,13.92,99.6,72.11,25.9,73,19,10,1996,10/19/1996,sat
155,51.67,9.48,78.37,53.61,23.1,79,20,10,1996,10/20/1996,sun
208,47.58,7.97,28.59,50.05,23.5,81,21,10,1996,10/21/1996,mon
230,56.65,10.56,41.06,58.36,25.4,75,22,10,1996,10/22/1996,tue
168,53.51,10.48,40.12,68.24,25.9,74,23,10,1996,10/23/1996,wed
180,74.62,22.34,53.5,63.49,25.8,69,24,10,1996,10/24/1996,thur
170,65.12,15.23,65.81,62.8,26.1,64,25,10,1996,10/25/1996,fri
175,55.06,9.84,92.47,63.3,24.3,60,26,10,1996,10/26/1996,sat
182,50.58,9.99,65.26,81.74,23.5,69,27,10,1996,10/27/1996,sun
201,82.02,22.13,72.91,52.95,25,75,28,10,1996,10/28/1996,mon
213,67.79,14.01,55.64,61.11,25.7,75,29,10,1996,10/29/1996,tue
177,55.46,12.35,47.49,42.18,26.3,72,30,10,1996,10/30/1996,wed
169,46.81,13.47,39.9,29.55,26.7,75,31,10,1996,10/31/1996,thur
179,44.45,14.96,38.01,33.93,27.4,74,1,11,1996,11/1/1996,fri
164,49.49,13.12,62.93,48.05,26.5,69,2,11,1996,11/2/1996,sat
143,35.67,5.86,44.96,54.8,25,76,3,11,1996,11/3/1996,sun
197,42.8,8.49,39.47,50.05,25.4,76,4,11,1996,11/4/1996,mon
181,47.73,9.34,43.71,64.79,25.6,77,5,11,1996,11/5/1996,tue
179,38.53,8.25,37.86,45.36,25.8,74,6,11,1996,11/6/1996,wed
172,51.75,11.68,44.95,40.68,26.1,71,7,11,1996,11/7/1996,thur
166,74.39,19.6,65.85,61.68,25.8,74,8,11,1996,11/8/1996,fri
153,47.68,10.43,59.85,54.86,25,64,9,11,1996,11/9/1996,sat
173,46,11.95,55.98,53.93,24,66,10,11,1996,11/10/1996,sun
183,51.69,14.45,49.41,36.93,23.8,66,11,11,1996,11/11/1996,mon
170,53.7,13.53,49.12,18.93,22.8,79,12,11,1996,11/12/1996,tue
154,42.58,9.92,48.84,13.29,22.1,75,13,11,1996,11/13/1996,wed
152,59.22,13.92,63.48,43.93,22,70,14,11,1996,11/14/1996,thur
160,55.36,11.99,56.67,37.3,22.2,69,15,11,1996,11/15/1996,fri
193,51.49,12.4,59.9,23.36,20.9,78,16,11,1996,11/16/1996,sat
166,44.88,9.37,88.46,57.8,21.5,60,17,11,1996,11/17/1996,sun
194,48.9,11.3,60.12,30.55,17.6,54,18,11,1996,11/18/1996,mon
212,69.43,19.63,73.18,39.93,19.2,53,19,11,1996,11/19/1996,tue
223,83.75,25.62,87.16,37.67,20.6,57,20,11,1996,11/20/1996,wed
230,66.88,16.78,68.4,57.61,21.9,61,21,11,1996,11/21/1996,thur
197,67.12,14.55,82.55,59.8,22.1,70,22,11,1996,11/22/1996,fri
203,88.29,23.04,119.21,62.74,22.4,66,23,11,1996,11/23/1996,sat
223,68.45,15.16,98.88,82.8,22,71,24,11,1996,11/24/1996,sun
230,60.34,12.63,58.26,43.8,22,75,25,11,1996,11/25/1996,mon
214,71.75,18.99,63.51,43.81,23.2,73,26,11,1996,11/26/1996,tue
231,67.25,14.94,79.59,54.61,23.7,70,27,11,1996,11/27/1996,wed
185,52.46,9.9,76.36,58.55,21.6,75,28,11,1996,11/28/1996,thur
212,70.08,16.37,94.78,49.74,22.9,71,29,11,1996,11/29/1996,fri
171,52.56,10.8,64.72,45.24,19,57,30,11,1996,11/30/1996,sat
193,48.06,9.55,64.95,56.86,18.2,44,1,12,1996,12/1/1996,sun
172,50.97,15.84,84.8,26.93,17.3,60,2,12,1996,12/2/1996,mon
215,48.42,8.07,46.79,33.61,19.1,75,3,12,1996,12/3/1996,tue
221,64.18,14.68,45.55,17.24,21.1,82,4,12,1996,12/4/1996,wed
211,53.9,17.81,75.9,38.11,19.4,66,5,12,1996,12/5/1996,thur
158,53.18,13.23,75.74,42.18,15.4,42,6,12,1996,12/6/1996,fri
171,62.61,11.33,53.9,53.43,16.1,37,7,12,1996,12/7/1996,sat
213,65.26,18.47,73.59,39.36,17.3,52,8,12,1996,12/8/1996,sun
224,58.13,10.06,56.33,7.28,16.6,68,9,12,1996,12/9/1996,mon
174,76.7,21.51,68.7,28.11,16.8,53,10,12,1996,12/10/1996,tue
227,95.81,28.81,97.64,31.36,17.9,54,11,12,1996,12/11/1996,wed
221,105.16,28.24,117.02,43.18,18.9,71,12,12,1996,12/12/1996,thur
203,104.68,31.29,111.3,37.05,18.5,49,13,12,1996,12/13/1996,fri
198,85.88,20.49,104.31,63.74,18.6,63,14,12,1996,12/14/1996,sat
208,64.03,12.5,76.23,76.93,18.8,68,15,12,1996,12/15/1996,sun
272,95.37,27.09,88.63,22.29,20.4,71,16,12,1996,12/16/1996,mon
212,104.83,32.51,109.45,23.86,21.4,64,17,12,1996,12/17/1996,tue
244,66.04,16.57,104.16,54.02,18.5,65,18,12,1996,12/18/1996,wed
219,81.95,31.71,118.05,38.61,17.5,65,19,12,1996,12/19/1996,thur
179,73.91,16.51,101.78,40.49,17,66,20,12,1996,12/20/1996,fri
206,92.42,22.39,105.43,41.55,17.3,67,21,12,1996,12/21/1996,sat
221,94.15,27.35,89.1,59.24,18.1,64,22,12,1996,12/22/1996,sun
261,84.22,18.49,79.45,56.49,17.9,61,23,12,1996,12/23/1996,mon
234,103.8,29.36,113.03,34.16,17.7,70,24,12,1996,12/24/1996,tue
213,108.56,39.6,109.66,48.93,18.2,67,25,12,1996,12/25/1996,wed
225,76.41,20.46,75.4,40.61,19.1,75,26,12,1996,12/26/1996,thur
227,61.09,14.35,45.34,48.68,19,75,27,12,1996,12/27/1996,fri
222,66.4,13.7,50.51,61.36,19,68,28,12,1996,12/28/1996,sat
189,87.43,24.53,73.57,21.61,19,71,29,12,1996,12/29/1996,sun
230,117.14,38.7,118.97,19.93,19.2,77,30,12,1996,12/30/1996,mon
184,85.84,26.76,78.96,35.68,19.3,79,31,12,1996,12/31/1996,tue
181,111.37,52.68,103.46,13.8,19.8,75,1,1,1997,1/1/1997,wed
227,73.27,18.79,142.78,66.8,19.5,75,2,1,1997,1/2/1997,thur
186,61.8,9.4,96.83,32.11,17,87,3,1,1997,1/3/1997,fri
178,72.19,16.42,43,5.61,17.6,87,4,1,1997,1/4/1997,sat
172,49.21,10.36,78.54,45.61,16.8,64,5,1,1997,1/5/1997,sun
214,62.93,14.39,74.93,51.61,15.5,66,6,1,1997,1/6/1997,mon
176,68.38,19.51,86.38,41.17,15.6,68,7,1,1997,1/7/1997,tue
206,60.78,16.47,78.07,40.49,14,62,8,1,1997,1/8/1997,wed
191,61.8,16.39,79.31,36.24,13.1,58,9,1,1997,1/9/1997,thur
197,74.24,21.37,83.82,40.74,13.7,54,10,1,1997,1/10/1997,fri
166,88.41,27.38,70.86,32.49,14.8,47,11,1,1997,1/11/1997,sat
208,69.57,14.24,71.23,70.11,15.6,64,12,1,1997,1/12/1997,sun
237,66.69,13.42,82.29,66.42,16.8,67,13,1,1997,1/13/1997,mon
204,72.65,13.72,60.32,28.11,18.6,74,14,1,1997,1/14/1997,tue
197,61.02,11.2,58.46,47.36,17.8,78,15,1,1997,1/15/1997,wed
205,75.03,15.89,70.15,36.36,18.2,79,16,1,1997,1/16/1997,thur
199,65.27,11.71,48.84,46.61,18.6,79,17,1,1997,1/17/1997,fri
193,86.44,21.31,69.62,23.11,19.2,81,18,1,1997,1/18/1997,sat
192,66.01,18.25,76.14,27.92,18.4,79,19,1,1997,1/19/1997,sun
215,79.22,18.5,88.06,20.34,18.7,83,20,1,1997,1/20/1997,mon
210,71.76,14.42,71.5,20.86,19.6,81,21,1,1997,1/21/1997,tue
184,46.16,5.19,62.37,36.86,17,82,22,1,1997,1/22/1997,wed
201,48.94,7.44,27.93,12.05,15.9,95,23,1,1997,1/23/1997,thur
168,49.42,10.59,32.21,26.24,12,70,24,1,1997,1/24/1997,fri
171,53.41,11.76,54.24,11.92,11.5,71,25,1,1997,1/25/1997,sat
174,74.44,19.84,76.72,36.86,14.2,60,26,1,1997,1/26/1997,sun
215,95.32,33.26,101.72,42.67,15,51,27,1,1997,1/27/1997,mon
197,88.22,26.57,79.14,23.99,15.8,49,28,1,1997,1/28/1997,tue
178,82.32,16.7,68.25,38.46,17.3,61,29,1,1997,1/29/1997,wed
207,82.36,17.46,77.21,41.8,19.1,62,30,1,1997,1/30/1997,thur
183,73.08,15.26,73.28,29.55,20.6,80,31,1,1997,1/31/1997,fri
173,53.98,7.84,70.15,43.74,17.9,80,1,2,1997,2/1/1997,sat
194,52.6,5.65,33.48,20.92,17.8,93,2,2,1997,2/2/1997,sun
197,45.24,6.21,14.33,17.3,15.1,92,3,2,1997,2/3/1997,mon
163,49.37,9.81,26.47,22.24,15.8,84,4,2,1997,2/4/1997,tue
138,48.17,9.8,35.83,13.49,16.2,82,5,2,1997,2/5/1997,wed
133,35.99,4.21,20.62,23.86,14.7,92,6,2,1997,2/6/1997,thur
135,36.35,5.86,18.94,9.17,14.6,91,7,2,1997,2/7/1997,fri
176,44.7,12.36,35.97,15.11,14.3,85,8,2,1997,2/8/1997,sat
196,48.04,9.29,41.77,10.92,15.5,86,9,2,1997,2/9/1997,sun
238,37.12,5.85,36.05,9.67,15.8,84,10,2,1997,2/10/1997,mon
200,40.44,6.56,45.82,27.24,14.9,72,11,2,1997,2/11/1997,tue
172,43.46,5.99,56.62,23.42,14.1,86,12,2,1997,2/12/1997,wed
212,46.26,6.51,53.33,28.67,13.9,84,13,2,1997,2/13/1997,thur
190,47.7,5.45,42.07,53.05,14.4,76,14,2,1997,2/14/1997,fri
185,51.01,9.59,36.93,2.61,14.4,89,15,2,1997,2/15/1997,sat
204,42.36,5.53,25.66,9.36,13.4,81,16,2,1997,2/16/1997,sun
224,46.04,8.79,52.96,7.51,13.4,81,17,2,1997,2/17/1997,mon
188,49.39,11.38,57.14,18.24,13.7,77,18,2,1997,2/18/1997,tue
197,56.64,13.18,67.24,55.49,15,63,19,2,1997,2/19/1997,wed
229,80.95,18.42,62.57,50.98,16.1,55,20,2,1997,2/20/1997,thur
222,85.05,20.48,71.07,62.11,17.4,64,21,2,1997,2/21/1997,fri
204,54.4,11.4,69.2,89.3,16.9,63,22,2,1997,2/22/1997,sat
195,46.38,7.97,56.02,81.67,16.5,72,23,2,1997,2/23/1997,sun
250,58.5,9.86,45.17,59.92,18.3,72,24,2,1997,2/24/1997,mon
255,65.74,10.1,48.26,46.61,20.1,74,25,2,1997,2/25/1997,tue
244,60.8,9.67,44.48,41.55,21.5,77,26,2,1997,2/26/1997,wed
246,55.66,11.77,49.95,78.76,20.3,75,27,2,1997,2/27/1997,thur
256,79.11,35.59,61.49,30.36,20.2,80,28,2,1997,2/28/1997,fri
207,92.18,55,89.34,20.24,20.6,81,1,3,1997,3/1/1997,sat
185,44.47,6.91,32.22,40.05,18.2,74,2,3,1997,3/2/1997,sun
216,58.48,9.47,33.36,24.86,16.1,69,3,3,1997,3/3/1997,mon
239,75.48,14.11,72.98,37.24,17.1,69,4,3,1997,3/4/1997,tue
223,71.75,13.74,73.51,40.67,18.4,72,5,3,1997,3/5/1997,wed
252,84.8,19.42,66.49,23.55,20.4,76,6,3,1997,3/6/1997,thur
175,73.88,21.6,62.54,16.42,21.4,79,7,3,1997,3/7/1997,fri
202,56.74,8.45,47.75,33.61,21.7,80,8,3,1997,3/8/1997,sat
212,46.97,4.09,55.13,60.67,20,84,9,3,1997,3/9/1997,sun
264,53.98,7.98,49.27,29.55,22,81,10,3,1997,3/10/1997,mon
260,55.78,7.2,48.13,24.05,22.1,84,11,3,1997,3/11/1997,tue
237,52.11,8.09,44.88,15.3,21.9,90,12,3,1997,3/12/1997,wed
219,48.12,18.69,44,21.3,23,84,13,3,1997,3/13/1997,thur
227,43.78,24.28,41.21,2.8,23.4,83,14,3,1997,3/14/1997,fri
209,46.1,43.42,44.28,10.49,23.9,81,15,3,1997,3/15/1997,sat
177,45.44,7.97,46.34,26.74,21.3,89,16,3,1997,3/16/1997,sun
197,41.48,9.09,39.38,8.24,18.8,83,17,3,1997,3/17/1997,mon
191,48.72,4.6,36.05,33.3,19,82,18,3,1997,3/18/1997,tue
215,74.28,25.21,40.08,34.17,20.7,85,19,3,1997,3/19/1997,wed
177,55.74,13.24,39.84,6.42,18.6,82,20,3,1997,3/20/1997,thur
191,67.15,19.37,54.83,8.42,19.2,93,21,3,1997,3/21/1997,fri
207,57.8,42.93,76.73,0.36,19,93,22,3,1997,3/22/1997,sat
189,37.96,7.13,25.84,6.05,16.8,84,23,3,1997,3/23/1997,sun
198,50.37,7,47.91,62.8,17.2,71,24,3,1997,3/24/1997,mon
202,53.92,5.44,41.97,52.74,18.3,80,25,3,1997,3/25/1997,tue
208,73.48,15.43,44.27,38.67,21.3,81,26,3,1997,3/26/1997,wed
217,54.32,6.31,47.05,54.49,19.8,80,27,3,1997,3/27/1997,thur
213,62.38,8.19,44.63,31.3,18.9,90,28,3,1997,3/28/1997,fri
196,69.96,11.6,44.4,6.36,20.6,93,29,3,1997,3/29/1997,sat
232,54.7,7.62,33.29,59.86,21.6,82,30,3,1997,3/30/1997,sun
252,47.98,5.9,81.52,97.17,20.6,80,31,3,1997,3/31/1997,mon
267,54.43,5.92,56.4,42.3,19.9,84,1,4,1997,4/1/1997,tue
265,60.18,11.62,61.65,23.17,22.2,88,2,4,1997,4/2/1997,wed
223,49.3,13.76,36.95,6.8,23.1,90,3,4,1997,4/3/1997,thur
231,93.06,33.22,47.87,11.8,21.4,88,4,4,1997,4/4/1997,fri
201,112.42,64.26,120.35,11.74,21.7,86,5,4,1997,4/5/1997,sat
222,59.95,14.46,55.28,27.05,20.9,93,6,4,1997,4/6/1997,sun
216,59.56,6.49,58.94,25.42,20.4,89,7,4,1997,4/7/1997,mon
224,79.85,26.57,90.76,11.67,22.8,89,8,4,1997,4/8/1997,tue
231,69.65,29.13,70.64,0.99,23.4,93,9,4,1997,4/9/1997,wed
224,56.18,4.28,38.12,29.55,20.8,93,10,4,1997,4/10/1997,thur
218,68.97,14.37,45.96,45.24,22.2,82,11,4,1997,4/11/1997,fri
206,56.1,6.58,48.43,74.92,22.4,78,12,4,1997,4/12/1997,sat
215,61.7,6.28,66.48,55.55,22.3,88,13,4,1997,4/13/1997,sun
253,68.93,20.27,42.18,5.17,23.3,92,14,4,1997,4/14/1997,mon
239,74.64,50.1,53.02,21.8,25.8,81,15,4,1997,4/15/1997,tue
205,52.38,5.37,40.32,61.61,22.7,82,16,4,1997,4/16/1997,wed
239,56.71,4.78,70.39,72.71,22.3,82,17,4,1997,4/17/1997,thur
209,67.75,15.85,72.96,11.92,23.7,89,18,4,1997,4/18/1997,fri
246,57.28,4.45,69.63,40.99,23,92,19,4,1997,4/19/1997,sat
205,46.62,2.18,56.53,51.86,22.4,87,20,4,1997,4/20/1997,sun
251,62.97,11.35,53.47,17.8,24.3,88,21,4,1997,4/21/1997,mon
218,56.89,10.96,51.1,29.61,24.6,84,22,4,1997,4/22/1997,tue
219,46.2,5.22,52.09,85.24,22.9,75,23,4,1997,4/23/1997,wed
242,53.9,7.82,47.39,68.86,21.6,61,24,4,1997,4/24/1997,thur
230,62.21,8.72,50.2,45.99,21,71,25,4,1997,4/25/1997,fri
237,81.1,10.37,69.64,101.61,22,59,26,4,1997,4/26/1997,sat
221,87.74,10.44,68.54,85.49,23,62,27,4,1997,4/27/1997,sun
249,89.76,21.07,65.82,25.05,25,74,28,4,1997,4/28/1997,mon
240,50.98,34.74,37.98,24.49,26.1,81,29,4,1997,4/29/1997,tue
266,53.56,29.64,35.59,18.8,25.4,84,30,4,1997,4/30/1997,wed
251,62.29,29.86,41.17,22.46,25.6,82,1,5,1997,5/1/1997,thur
235,47.9,20.81,33.21,38.8,27,77,2,5,1997,5/2/1997,fri
211,43.29,16.54,33.07,12.61,26.8,83,3,5,1997,5/3/1997,sat
218,46.33,5.94,22.06,17.05,24.7,90,4,5,1997,5/4/1997,sun
228,42.89,8.98,25.16,18.17,24.5,89,5,5,1997,5/5/1997,mon
239,52.22,10.63,26.17,17.49,25.4,85,6,5,1997,5/6/1997,tue
238,57.79,23.92,27.31,10.74,24.6,90,7,5,1997,5/7/1997,wed
222,40.22,14.47,30.37,3.11,25.4,92,8,5,1997,5/8/1997,thur
202,60.52,18.98,35.04,7.61,23.9,92,9,5,1997,5/9/1997,fri
199,60.36,4.85,48.44,43.86,23,93,10,5,1997,5/10/1997,sat
226,35.11,5.08,37.58,20.86,26.6,85,11,5,1997,5/11/1997,sun
286,37.09,11.94,30.55,17.86,27.9,82,12,5,1997,5/12/1997,mon
262,34.31,10.29,27.89,22.17,28.2,81,13,5,1997,5/13/1997,tue
268,39.31,25.39,30.91,28.65,28.4,77,14,5,1997,5/14/1997,wed
292,36.5,24.36,28.23,22.3,28.8,76,15,5,1997,5/15/1997,thur
240,30.94,10.85,27.77,20.61,28.9,77,16,5,1997,5/16/1997,fri
253,54.74,20.26,31.14,15.86,26.8,84,17,5,1997,5/17/1997,sat
276,39.08,12.55,29.72,22.3,28.2,83,18,5,1997,5/18/1997,sun
316,57.89,17.33,38.81,12.67,28.4,83,19,5,1997,5/19/1997,mon
291,70.28,15.45,55.87,40.05,26.5,80,20,5,1997,5/20/1997,tue
232,57.94,5.9,82.55,83.67,24.7,85,21,5,1997,5/21/1997,wed
249,52.9,4.92,38.27,60.67,23.4,90,22,5,1997,5/22/1997,thur
273,54.18,7.6,26.45,15.3,23.1,85,23,5,1997,5/23/1997,fri
267,61.62,6.72,30.19,34.05,23.3,80,24,5,1997,5/24/1997,sat
289,64.65,9.57,61.82,115.74,25.5,57,25,5,1997,5/25/1997,sun
310,85.45,21.91,46.93,33.51,25.6,62,26,5,1997,5/26/1997,mon
294,89.17,25.53,51.06,50.17,26,74,27,5,1997,5/27/1997,tue
306,75.15,20.68,53.72,51.49,26.3,78,28,5,1997,5/28/1997,wed
292,90.04,34.92,75.81,26.36,26.3,80,29,5,1997,5/29/1997,thur
261,113.21,46.65,99.7,52.55,26.5,82,30,5,1997,5/30/1997,fri
261,80.63,37.68,82.46,64.61,27.6,80,31,5,1997,5/31/1997,sat
301,39.99,17.9,30.32,24.11,27.7,84,1,6,1997,6/1/1997,sun
332,43.6,30.78,30.3,22.67,28.8,79,2,6,1997,6/2/1997,mon
250,45.27,19.1,34.99,13.92,28,87,3,6,1997,6/3/1997,tue
257,53.37,19.79,36.33,16.86,27.5,87,4,6,1997,6/4/1997,wed
269,42.38,18.6,44.97,24.55,29.3,81,5,6,1997,6/5/1997,thur
271,35.92,11.91,41.94,27.3,29.3,80,6,6,1997,6/6/1997,fri
259,30.06,17.47,43.8,10.11,29.5,78,7,6,1997,6/7/1997,sat
266,22.92,9.37,37.04,22.11,29.6,77,8,6,1997,6/8/1997,sun
276,26.16,11.51,34.97,24.92,29.5,78,9,6,1997,6/9/1997,mon
296,51.98,24.68,39.97,23.99,28.3,82,10,6,1997,6/10/1997,tue
246,95.01,72.11,77.75,16.17,26.5,82,11,6,1997,6/11/1997,wed
247,90.6,44.6,76.96,49.67,27.3,84,12,6,1997,6/12/1997,thur
218,63.88,8.25,30.84,12.17,25.4,94,13,6,1997,6/13/1997,fri
218,62.9,22.45,28.67,12.17,25.5,92,14,6,1997,6/14/1997,sat
255,42.33,3.38,17.72,44.99,24.6,91,15,6,1997,6/15/1997,sun
244,46.72,4.74,20.42,11.17,23.8,97,16,6,1997,6/16/1997,mon
224,56.54,4.52,37.29,61.3,23.6,93,17,6,1997,6/17/1997,tue
241,55.42,5.98,43.95,55.42,24.1,89,18,6,1997,6/18/1997,wed
264,50.99,5.61,48.93,50.51,25.8,85,19,6,1997,6/19/1997,thur
261,59.23,28.32,41.39,31.49,27.4,85,20,6,1997,6/20/1997,fri
242,51.21,21.87,29.03,19.55,27.6,85,21,6,1997,6/21/1997,sat
230,52.46,19.69,27.55,7.86,26.6,92,22,6,1997,6/22/1997,sun
276,54.18,22.79,31.49,24.92,28.2,83,23,6,1997,6/23/1997,mon
232,53.69,31.2,30.2,13.8,28,83,24,6,1997,6/24/1997,tue
263,48.99,30.15,32.58,24.55,28.5,83,25,6,1997,6/25/1997,wed
260,55.21,37.72,42.67,3.61,27.4,89,26,6,1997,6/26/1997,thur
275,54.11,39.22,40.49,16.49,27.9,82,27,6,1997,6/27/1997,fri
232,47.86,18.18,31.69,14.24,28,84,28,6,1997,6/28/1997,sat
267,36.62,9.31,23.66,21.17,28.2,86,29,6,1997,6/29/1997,sun
239,37.48,25.62,28.97,5.86,27.9,88,30,6,1997,6/30/1997,mon
247,45.03,17.1,31.49,1.74,26.5,94,1,7,1997,7/1/1997,tue
221,36.63,12.03,21.63,6.05,26.8,93,2,7,1997,7/2/1997,wed
223,46.63,22.06,23.9,NA,25.2,94,3,7,1997,7/3/1997,thur
228,42.44,16.29,32.51,7.05,27.2,89,4,7,1997,7/4/1997,fri
272,39.91,25.4,36.81,6.8,28.7,82,5,7,1997,7/5/1997,sat
238,43.46,22.76,33.15,6.36,27,87,6,7,1997,7/6/1997,sun
294,35.83,23.49,37.27,7.86,28.8,83,7,7,1997,7/7/1997,mon
249,39.76,19.73,35.7,5.99,28.6,83,8,7,1997,7/8/1997,tue
254,42.39,28.5,32.01,11.8,28.9,81,9,7,1997,7/9/1997,wed
222,44.37,33.29,28.78,9.61,27.6,86,10,7,1997,7/10/1997,thur
244,43.5,35.56,31.15,9.99,28.5,82,11,7,1997,7/11/1997,fri
229,30.02,14.87,23.55,14.55,29.4,80,12,7,1997,7/12/1997,sat
282,22.6,1.93,19.09,20.11,29.3,82,13,7,1997,7/13/1997,sun
298,26.4,4.03,18.92,18.17,28.5,84,14,7,1997,7/14/1997,mon
232,26.71,2.73,18.29,20.55,27.2,91,15,7,1997,7/15/1997,tue
246,30.25,3.18,16.45,NA,27,91,16,7,1997,7/16/1997,wed
223,36.58,9.79,18.09,10.24,26.5,90,17,7,1997,7/17/1997,thur
223,40.38,14.99,24.65,6.92,26.8,89,18,7,1997,7/18/1997,fri
218,40.63,8.58,28.92,1.55,25.7,96,19,7,1997,7/19/1997,sat
198,28.76,3.77,19.55,13.17,26.8,89,20,7,1997,7/20/1997,sun
253,29.58,5.1,23.54,15.55,28.3,85,21,7,1997,7/21/1997,mon
237,38.38,9.43,33.37,28.42,28.8,79,22,7,1997,7/22/1997,tue
248,51.88,39.17,34.69,18.24,28.5,76,23,7,1997,7/23/1997,wed
239,73.18,44.61,48.75,16.67,28.5,77,24,7,1997,7/24/1997,thur
193,79.72,34.8,59.95,11.92,28.4,80,25,7,1997,7/25/1997,fri
219,73.66,31.79,66.29,51.61,29.2,79,26,7,1997,7/26/1997,sat
198,44.11,23.38,33.51,31.55,29.5,76,27,7,1997,7/27/1997,sun
209,45.48,30.39,32.23,20.13,29.8,73,28,7,1997,7/28/1997,mon
230,41.51,12.95,38.13,16.11,29.5,78,29,7,1997,7/29/1997,tue
240,33.69,6.89,33.98,21.61,30.2,76,30,7,1997,7/30/1997,wed
218,29.1,4.19,30.2,20.99,29.6,80,31,7,1997,7/31/1997,thur
190,24.75,3.35,20.15,16.55,27.8,85,1,8,1997,8/1/1997,fri
165,15.29,2.25,14.21,25.59,26.3,92,2,8,1997,8/2/1997,sat
177,28.46,13.53,25.23,33.67,27.2,87,3,8,1997,8/3/1997,sun
220,31.61,32.5,31.79,15.3,28.8,83,4,8,1997,8/4/1997,mon
189,45.48,36.69,37.83,14.17,29.6,79,5,8,1997,8/5/1997,tue
172,39.85,23.09,34.27,18.49,29.9,79,6,8,1997,8/6/1997,wed
166,46.55,21.78,40.37,10.92,27.9,87,7,8,1997,8/7/1997,thur
189,48.85,32.33,34.79,6.3,26.6,89,8,8,1997,8/8/1997,fri
160,46.79,18.96,46.27,7.42,29.1,84,9,8,1997,8/9/1997,sat
177,42.51,13.15,35.97,15.49,29.1,83,10,8,1997,8/10/1997,sun
219,38.66,19.16,38.56,1.3,28.9,83,11,8,1997,8/11/1997,mon
183,45.41,21.23,36.93,2.74,28.1,86,12,8,1997,8/12/1997,tue
177,45.73,20.81,27.83,5.92,27.2,89,13,8,1997,8/13/1997,wed
186,49.18,13.58,35.92,13.05,27.7,90,14,8,1997,8/14/1997,thur
165,58.26,24.48,43.21,19.05,29,81,15,8,1997,8/15/1997,fri
153,101.92,43.69,89.66,26.86,27.8,87,16,8,1997,8/16/1997,sat
180,82.57,24.98,61.85,48.05,28.6,78,17,8,1997,8/17/1997,sun
197,70.37,24.89,73.84,86.3,29.9,66,18,8,1997,8/18/1997,mon
231,125.79,79.26,143.04,123.74,30.1,66,19,8,1997,8/19/1997,tue
218,67.56,19.09,81.44,77.99,29.5,75,20,8,1997,8/20/1997,wed
180,33.93,4.88,22.77,28.17,27.3,83,21,8,1997,8/21/1997,thur
178,35.41,3.11,26.75,23.86,26.4,92,22,8,1997,8/22/1997,fri
149,38.42,6.58,33.69,25.86,27.8,88,23,8,1997,8/23/1997,sat
187,41.01,5.21,23.57,19.05,26.7,93,24,8,1997,8/24/1997,sun
204,38.48,5.75,23,24.17,27.5,89,25,8,1997,8/25/1997,mon
161,34.18,5.19,19.68,28.86,27.6,85,26,8,1997,8/26/1997,tue
198,37.32,5.29,28.25,29.05,27.8,83,27,8,1997,8/27/1997,wed
179,74.67,22.59,53.71,81.17,29.1,78,28,8,1997,8/28/1997,thur
173,103.54,61.33,102.57,123.74,30.3,74,29,8,1997,8/29/1997,fri
199,73.71,49.27,84.8,45.8,30.5,77,30,8,1997,8/30/1997,sat
188,30.08,10.14,20.75,21.8,29.7,78,31,8,1997,8/31/1997,sun
223,33.86,21.27,23.37,17.51,29.7,76,1,9,1997,9/1/1997,mon
190,44.37,19.53,25.75,13.67,29,79,2,9,1997,9/2/1997,tue
192,61.46,48.03,38.73,7.61,27.7,84,3,9,1997,9/3/1997,wed
173,91.12,83.57,91.18,32.11,27.3,79,4,9,1997,9/4/1997,thur
161,90.41,51.66,88.91,73.17,28.3,71,5,9,1997,9/5/1997,fri
164,72.86,23.95,70.86,64.3,28.9,76,6,9,1997,9/6/1997,sat
190,46.11,7.89,18.36,5.67,25.6,94,7,9,1997,9/7/1997,sun
210,53.36,35.05,28.29,8.55,26.5,87,8,9,1997,9/8/1997,mon
217,50.97,34.1,27.88,12.74,27.8,81,9,9,1997,9/9/1997,tue
168,62.16,32.21,37.29,19.4,28.2,79,10,9,1997,9/10/1997,wed
187,92.38,41.23,51.73,27.36,28.4,77,11,9,1997,9/11/1997,thur
167,77.26,41.8,47.79,27.61,28.5,79,12,9,1997,9/12/1997,fri
163,79.42,36.66,50.68,25.92,28.7,78,13,9,1997,9/13/1997,sat
182,63.85,13.53,55.22,64.49,27.4,78,14,9,1997,9/14/1997,sun
199,85.52,28.24,72.75,28.07,27.7,79,15,9,1997,9/15/1997,mon
140,65.61,13.21,66.69,39.36,27.3,80,16,9,1997,9/16/1997,tue
187,50.02,5.37,54,66.61,27.1,78,17,9,1997,9/17/1997,wed
217,69.23,13.43,58.99,37.74,26.7,83,18,9,1997,9/18/1997,thur
174,59.62,8.24,58.13,45.86,26.5,83,19,9,1997,9/19/1997,fri
182,59.07,5.86,71.26,63.8,26.7,82,20,9,1997,9/20/1997,sat
166,46.88,3.53,18.32,24.92,21.6,83,21,9,1997,9/21/1997,sun
199,57.43,8.84,39.57,32.67,23.7,75,22,9,1997,9/22/1997,mon
202,53.43,7.37,54.43,59.86,25.6,74,23,9,1997,9/23/1997,tue
217,52.61,5.77,52.47,89.67,26,73,24,9,1997,9/24/1997,wed
195,65.45,13.4,49.41,55.42,26.5,75,25,9,1997,9/25/1997,thur
182,55.49,8.82,42.72,31.99,25.4,67,26,9,1997,9/26/1997,fri
156,54.19,7.54,52.22,48.17,24,59,27,9,1997,9/27/1997,sat
150,43.8,4.17,28.12,19.86,21.5,77,28,9,1997,9/28/1997,sun
229,65.4,6.1,23.33,1.9,21.1,93,29,9,1997,9/29/1997,mon
185,65.54,5.85,24.01,5.05,22.8,96,30,9,1997,9/30/1997,tue
171,55.76,4.56,32.17,48.74,25.1,86,1,10,1997,10/1/1997,wed
198,56.35,4.95,31.52,56.99,26.3,83,2,10,1997,10/2/1997,thur
196,52.14,4.81,35.54,34.74,25.9,87,3,10,1997,10/3/1997,fri
193,56.71,14.73,41.32,17.92,27.2,86,4,10,1997,10/4/1997,sat
178,61.73,14.87,42.52,51.17,27.1,83,5,10,1997,10/5/1997,sun
196,56.38,6.91,39.96,51.05,26.1,85,6,10,1997,10/6/1997,mon
192,66.3,8.5,54.23,40.49,26.7,80,7,10,1997,10/7/1997,tue
162,58.49,5.58,57.14,34.24,26.2,80,8,10,1997,10/8/1997,wed
204,73.17,8.13,82.48,76.74,25.9,87,9,10,1997,10/9/1997,thur
173,69.22,15.09,75.72,44.61,26.8,81,10,10,1997,10/10/1997,fri
160,81.75,18.08,88.16,49.42,27,86,11,10,1997,10/11/1997,sat
173,58.5,5.17,56.08,59.36,26.1,90,12,10,1997,10/12/1997,sun
211,70.84,7.64,60.44,56.61,26.4,83,13,10,1997,10/13/1997,mon
190,84.2,13.08,68.27,50.92,26.5,81,14,10,1997,10/14/1997,tue
192,73.97,14.89,56.32,30.49,27,81,15,10,1997,10/15/1997,wed
210,71,12.24,55.22,55.05,27.2,81,16,10,1997,10/16/1997,thur
162,59.82,5.63,47.62,41.92,26.7,85,17,10,1997,10/17/1997,fri
183,64.19,6.9,42.1,40.49,25.8,86,18,10,1997,10/18/1997,sat
177,67.46,10.51,61.58,70.05,26.5,79,19,10,1997,10/19/1997,sun
211,101.49,40.69,106.29,91.11,27,79,20,10,1997,10/20/1997,mon
191,114.34,82.81,154.16,68.92,27.9,79,21,10,1997,10/21/1997,tue
190,103.09,53.7,124.84,84.55,27.8,82,22,10,1997,10/22/1997,wed
204,83.51,27.85,100.49,55.3,27.2,85,23,10,1997,10/23/1997,thur
189,63.25,7.94,62.89,57.99,26.7,80,24,10,1997,10/24/1997,fri
170,59.41,6.19,69.61,70.8,26.1,75,25,10,1997,10/25/1997,sat
183,52.35,6.29,65.66,65.24,25.8,75,26,10,1997,10/26/1997,sun
204,53.47,7.61,54.15,45.99,23.1,67,27,10,1997,10/27/1997,mon
188,57.24,8.88,59.16,19.99,21,70,28,10,1997,10/28/1997,tue
196,67.08,8.42,54.84,59.11,22.8,63,29,10,1997,10/29/1997,wed
212,73.9,12.29,69.69,64.55,23.2,53,30,10,1997,10/30/1997,thur
177,71.24,15.63,79.53,67.11,22,46,31,10,1997,10/31/1997,fri
171,76.67,17.28,89.99,77.3,20.9,49,1,11,1997,11/1/1997,sat
156,68.34,8.86,63.58,70.05,21.3,61,2,11,1997,11/2/1997,sun
227,78.13,12.19,66.49,66.49,23.2,66,3,11,1997,11/3/1997,mon
211,71.51,11.44,71.69,58.71,23.4,45,4,11,1997,11/4/1997,tue
193,78.84,14.92,89.11,71.67,21.6,36,5,11,1997,11/5/1997,wed
210,88.63,15.21,92.22,78.36,20.8,54,6,11,1997,11/6/1997,thur
212,82.66,9.07,64.22,74.92,21.8,63,7,11,1997,11/7/1997,fri
201,70.92,7.09,53.85,67.34,22.6,68,8,11,1997,11/8/1997,sat
201,58.21,4.52,51.08,68.8,22.8,73,9,11,1997,11/9/1997,sun
239,67.02,6.39,50.93,58.82,23.3,76,10,11,1997,11/10/1997,mon
226,68.93,6.88,46.74,41.92,24,77,11,11,1997,11/11/1997,tue
208,86.73,13.08,53.68,30.67,24.9,70,12,11,1997,11/12/1997,wed
231,105.87,42.62,59.79,31.3,25.6,63,13,11,1997,11/13/1997,thur
183,97.19,33.61,57.37,50.67,25.4,74,14,11,1997,11/14/1997,fri
195,59.31,10.55,36.42,24.55,25.6,82,15,11,1997,11/15/1997,sat
180,45.21,7.25,35.88,15.92,24.6,81,16,11,1997,11/16/1997,sun
211,52.08,6.33,52.19,37.76,18.5,55,17,11,1997,11/17/1997,mon
214,72.43,10.45,59.67,42.92,18.5,59,18,11,1997,11/18/1997,tue
215,69.61,8.04,61.44,48.05,20.1,67,19,11,1997,11/19/1997,wed
200,78.6,9.78,64.13,NA,22.2,77,20,11,1997,11/20/1997,thur
203,100.27,26.03,76.41,29.42,23.8,82,21,11,1997,11/21/1997,fri
196,124.9,67.05,112.69,21.3,24.4,82,22,11,1997,11/22/1997,sat
166,59.56,7.11,64.43,21.8,23,86,23,11,1997,11/23/1997,sun
213,55.37,5.98,47.94,28.42,23.4,88,24,11,1997,11/24/1997,mon
233,42.35,25.23,30.53,23.17,26,81,25,11,1997,11/25/1997,tue
221,44.42,32.2,32.79,13.92,26.3,83,26,11,1997,11/26/1997,wed
183,38.31,6.13,24.58,28.3,25.9,81,27,11,1997,11/27/1997,thur
161,50.28,6.17,43.82,25.92,24.9,88,28,11,1997,11/28/1997,fri
188,62.41,20.61,56.83,8.8,23.3,82,29,11,1997,11/29/1997,sat
160,51.83,5.71,40.99,25.67,21.8,77,30,11,1997,11/30/1997,sun
193,62.13,13.8,60.44,27.67,22.2,74,1,12,1997,12/1/1997,mon
158,43.37,4.35,32.96,14.42,16.4,65,2,12,1997,12/2/1997,tue
178,53.79,7.91,52.19,NA,16.4,69,3,12,1997,12/3/1997,wed
205,62.54,10.38,49.32,NA,18.4,74,4,12,1997,12/4/1997,thur
179,64.55,6.34,45.57,24.8,21,80,5,12,1997,12/5/1997,fri
187,70.34,7.36,43.03,33.05,22.9,83,6,12,1997,12/6/1997,sat
219,53.34,5.03,37.12,28.42,21.6,77,7,12,1997,12/7/1997,sun
231,45.17,6.15,50.6,50.17,15.9,55,8,12,1997,12/8/1997,mon
223,57.67,11.05,57.5,41.3,14.6,55,9,12,1997,12/9/1997,tue
232,58.42,11.06,66.11,48.92,14.8,57,10,12,1997,12/10/1997,wed
212,67.53,12.76,71.1,28.17,14.9,55,11,12,1997,12/11/1997,thur
240,72.46,16.81,92.49,12.55,15.3,66,12,12,1997,12/12/1997,fri
278,89.07,21.42,84.27,6.92,15.5,65,13,12,1997,12/13/1997,sat
233,82.27,9.89,71.94,42.05,17.9,80,14,12,1997,12/14/1997,sun
272,78.49,9.1,51.88,41.8,19.4,77,15,12,1997,12/15/1997,mon
293,86.42,17.53,68.98,18.3,20.4,81,16,12,1997,12/16/1997,tue
293,151.5,90.06,139.75,NA,21.8,76,17,12,1997,12/17/1997,wed
299,85.87,17.99,90.02,62.17,21.3,80,18,12,1997,12/18/1997,thur
316,77.78,15.31,81.73,12.8,21.5,84,19,12,1997,12/19/1997,fri
287,81.16,15.17,75.88,12.05,22.2,84,20,12,1997,12/20/1997,sat
272,44.01,1.05,65.13,43.92,21,92,21,12,1997,12/21/1997,sun
273,42.66,3.14,25.32,3.17,18.9,88,22,12,1997,12/22/1997,mon
269,50.63,6.27,27.93,22.05,16.2,74,23,12,1997,12/23/1997,tue
246,56.77,10.39,37.87,11.3,16,74,24,12,1997,12/24/1997,wed
296,53.08,6.9,47.25,61.36,18.6,78,25,12,1997,12/25/1997,thur
